seed,mode,view_key,H_trained,lambda,block_idx,batch_idx,gate_mean,gate_std,gate_q10,gate_q25,gate_q50,gate_q75,gate_q90,gate_min,gate_max,dynamic_preference_share
0,C_traffic_time_query,traffic_time_weather_query,12,0.7,0,0,0.5383249521255493,0.22454147040843964,0.23507869243621826,0.3311634361743927,0.5402615070343018,0.7492132186889648,0.8277138471603394,0.11751863360404968,0.9751460552215576,0.55515625
0,C_traffic_time_query,traffic_time_weather_query,12,0.7,1,0,0.350999653339386,0.24529828131198883,0.06521251797676086,0.11071883887052536,0.30218422412872314,0.5837386846542358,0.7099619507789612,0.03728240355849266,0.7862105369567871,0.33290625
0,C_traffic_time_query,traffic_time_weather_query,12,0.7,0,1,0.5971947312355042,0.1815686821937561,0.33328327536582947,0.4485248923301697,0.6195583343505859,0.7496660351753235,0.8105620741844177,0.16263647377490997,0.9697495698928833,0.6799375
0,C_traffic_time_query,traffic_time_weather_query,12,0.7,1,1,0.34542277455329895,0.2429192215204239,0.06463498622179031,0.11342796683311462,0.2886655628681183,0.569953203201294,0.7099919319152832,0.03689304739236832,0.7931129932403564,0.31990625
0,C_traffic_time_query,traffic_time_weather_query,12,0.7,0,2,0.43287965655326843,0.16035880148410797,0.2402188628911972,0.29495516419410706,0.4147849678993225,0.5590013265609741,0.6511708498001099,0.12313824892044067,0.9360076189041138,0.35171875
0,C_traffic_time_query,traffic_time_weather_query,12,0.7,1,2,0.3791063129901886,0.25279584527015686,0.06123105436563492,0.11596497893333435,0.3858497142791748,0.6185719966888428,0.7327196598052979,0.038142018020153046,0.7951986789703369,0.3670625
0,C_traffic_time_query,traffic_time_weather_query,12,0.7,0,3,0.5552486777305603,0.20133748650550842,0.27503257989883423,0.37801486253738403,0.5674000978469849,0.7417672872543335,0.8039157390594482,0.1371152102947235,0.9686139225959778,0.596625
0,C_traffic_time_query,traffic_time_weather_query,12,0.7,1,3,0.36787426471710205,0.23576578497886658,0.0725928395986557,0.1384376883506775,0.3494889736175537,0.5749022364616394,0.7105896472930908,0.03711221367120743,0.786778450012207,0.34475
0,C_traffic_time_query,traffic_time_weather_query,36,0.7,0,0,0.4782862365245819,0.18407537043094635,0.21605074405670166,0.320600301027298,0.5088106393814087,0.6246171593666077,0.7121590375900269,0.06234747916460037,0.8392567038536072,0.5274375
0,C_traffic_time_query,traffic_time_weather_query,36,0.7,1,0,0.33097735047340393,0.17131797969341278,0.12918174266815186,0.1732391119003296,0.3140861690044403,0.45498088002204895,0.5657728910446167,0.04139810428023338,0.8556113839149475,0.1643125
0,C_traffic_time_query,traffic_time_weather_query,36,0.7,0,1,0.5196797847747803,0.20462749898433685,0.2318858504295349,0.3324972093105316,0.5639957189559937,0.6925202012062073,0.7680244445800781,0.05677231773734093,0.8672307729721069,0.578375
0,C_traffic_time_query,traffic_time_weather_query,36,0.7,1,1,0.3409547209739685,0.1771744191646576,0.13168282806873322,0.1794734001159668,0.32257992029190063,0.47126325964927673,0.5942292809486389,0.04789797216653824,0.8344046473503113,0.1960625
0,C_traffic_time_query,traffic_time_weather_query,36,0.7,0,2,0.4833981394767761,0.2042839080095291,0.1921316534280777,0.30037355422973633,0.5077151656150818,0.6587586998939514,0.7521219253540039,0.05704701319336891,0.8622453212738037,0.51884375
0,C_traffic_time_query,traffic_time_weather_query,36,0.7,1,2,0.3308562636375427,0.17584334313869476,0.1257195621728897,0.17410679161548615,0.3056913912296295,0.4592500329017639,0.5687922835350037,0.04144313558936119,0.8080685138702393,0.1785625
0,C_traffic_time_query,traffic_time_weather_query,36,0.7,0,3,0.49089041352272034,0.17392301559448242,0.23817023634910583,0.34162062406539917,0.5263985991477966,0.6275979280471802,0.7033004760742188,0.06423553824424744,0.8310916423797607,0.5604375
0,C_traffic_time_query,traffic_time_weather_query,36,0.7,1,3,0.33417096734046936,0.17039676010608673,0.1293030083179474,0.18535269796848297,0.31231218576431274,0.45960837602615356,0.5613306760787964,0.04710908234119415,0.8455146551132202,0.1755625
0,D_traffic_causal,traffic_only,12,0.9,0,0,0.38506659865379333,0.20795494318008423,0.15900415182113647,0.21225520968437195,0.3068150281906128,0.5743787288665771,0.6925991773605347,0.09261153638362885,0.874943196773529,0.326375
0,D_traffic_causal,traffic_only,12,0.9,1,0,0.3277532458305359,0.22965684533119202,0.061485424637794495,0.11065496504306793,0.2823023200035095,0.5222489833831787,0.6759885549545288,0.03166821226477623,0.8626106977462769,0.2678125
0,D_traffic_causal,traffic_only,12,0.9,0,1,0.3641716539859772,0.20293855667114258,0.14637784659862518,0.1996261477470398,0.286008358001709,0.5416295528411865,0.6740475296974182,0.09251037240028381,0.8674508333206177,0.2979375
0,D_traffic_causal,traffic_only,12,0.9,1,1,0.3238738477230072,0.2325541228055954,0.058789171278476715,0.1057349219918251,0.27739542722702026,0.514763593673706,0.6883359551429749,0.030887797474861145,0.869120180606842,0.259
0,D_traffic_causal,traffic_only,12,0.9,0,2,0.3543758988380432,0.20250941812992096,0.13007678091526031,0.19203431904315948,0.2798847556114197,0.525015652179718,0.670884370803833,0.0912000983953476,0.8762734532356262,0.2811875
0,D_traffic_causal,traffic_only,12,0.9,1,2,0.33384063839912415,0.23973333835601807,0.059826403856277466,0.1096583679318428,0.27440041303634644,0.5740301012992859,0.6958748698234558,0.030468128621578217,0.8517688512802124,0.2979375
0,D_traffic_causal,traffic_only,12,0.9,0,3,0.38836470246315,0.2065068781375885,0.1644456535577774,0.22034956514835358,0.3086436688899994,0.569854736328125,0.7047708630561829,0.09319831430912018,0.8859267234802246,0.326875
0,D_traffic_causal,traffic_only,12,0.9,1,3,0.34170225262641907,0.22983606159687042,0.06570447981357574,0.12612265348434448,0.2993941307067871,0.5392343997955322,0.6918861269950867,0.031788893043994904,0.8982895612716675,0.27925
0,D_traffic_causal,traffic_only,36,0.7,0,0,0.45962023735046387,0.11513258516788483,0.3450233042240143,0.37253302335739136,0.41365930438041687,0.534153163433075,0.6596779227256775,0.295558363199234,0.7229854464530945,0.2851875
0,D_traffic_causal,traffic_only,36,0.7,1,0,0.3312932550907135,0.14337436854839325,0.14360226690769196,0.20301078259944916,0.3229108452796936,0.4600520730018616,0.5225832462310791,0.09728750586509705,0.679315984249115,0.1549375
0,D_traffic_causal,traffic_only,36,0.7,0,1,0.4667503237724304,0.11717863380908966,0.3507117033004761,0.37649810314178467,0.41913050413131714,0.5533546209335327,0.6671659350395203,0.30144211649894714,0.7218618392944336,0.307125
0,D_traffic_causal,traffic_only,36,0.7,1,1,0.32645848393440247,0.14301958680152893,0.14107638597488403,0.19762232899665833,0.31567293405532837,0.45482879877090454,0.5219501256942749,0.0978173315525055,0.6787992715835571,0.1521875
0,D_traffic_causal,traffic_only,36,0.7,0,2,0.4650849997997284,0.12803912162780762,0.34029659628868103,0.36567291617393494,0.4044789969921112,0.5801041722297668,0.6812148094177246,0.2976413369178772,0.7233176231384277,0.31759375
0,D_traffic_causal,traffic_only,36,0.7,1,2,0.3339782953262329,0.1448086053133011,0.14554759860038757,0.20292477309703827,0.32430964708328247,0.4698191285133362,0.5229510068893433,0.10178855061531067,0.6790808439254761,0.17103125
0,D_traffic_causal,traffic_only,36,0.7,0,3,0.4698811173439026,0.11818619817495346,0.3464727997779846,0.3766499161720276,0.425544410943985,0.5647105574607849,0.6696366667747498,0.299760639667511,0.7231090664863586,0.32525
0,D_traffic_causal,traffic_only,36,0.7,1,3,0.33066490292549133,0.13902100920677185,0.14989250898361206,0.20774486660957336,0.31992268562316895,0.4523904323577881,0.5201942324638367,0.09941019862890244,0.6734179258346558,0.14903125
0,E_traffic_time_causal,traffic_time,12,0.7,0,0,0.5908318758010864,0.17909981310367584,0.27983492612838745,0.5056642889976501,0.6292458176612854,0.7385207414627075,0.7872538566589355,0.19207227230072021,0.8624762892723083,0.757375
0,E_traffic_time_causal,traffic_time,12,0.7,1,0,0.38805052638053894,0.2292504608631134,0.1410313993692398,0.17406871914863586,0.32276082038879395,0.6163311004638672,0.7391809821128845,0.10054647922515869,0.7916219234466553,0.351375
0,E_traffic_time_causal,traffic_time,12,0.7,0,1,0.6257067918777466,0.17129607498645782,0.3335845470428467,0.5349730253219604,0.670924186706543,0.764409065246582,0.8088746666908264,0.1969178020954132,0.881704568862915,0.78315625
0,E_traffic_time_causal,traffic_time,12,0.7,1,1,0.3891640305519104,0.22316668927669525,0.1410636156797409,0.17761439085006714,0.3415340781211853,0.5989406704902649,0.7287024855613708,0.09794150292873383,0.7921784520149231,0.348625
0,E_traffic_time_causal,traffic_time,12,0.7,0,2,0.528092622756958,0.20368608832359314,0.255775511264801,0.33025312423706055,0.5282527208328247,0.7288579344749451,0.7990120053291321,0.19927451014518738,0.8759369254112244,0.5440625
0,E_traffic_time_causal,traffic_time,12,0.7,1,2,0.3819425702095032,0.23808932304382324,0.13979975879192352,0.17773225903511047,0.26687270402908325,0.627263069152832,0.7625777721405029,0.09704814851284027,0.7925336360931396,0.3305
0,E_traffic_time_causal,traffic_time,12,0.7,0,3,0.6028733253479004,0.16290363669395447,0.3277510404586792,0.5257946252822876,0.6404474973678589,0.7282687425613403,0.777893602848053,0.19145025312900543,0.8655720949172974,0.77059375
0,E_traffic_time_causal,traffic_time,12,0.7,1,3,0.37777453660964966,0.21740512549877167,0.14625701308250427,0.1820574551820755,0.3072185516357422,0.5791207551956177,0.7224401235580444,0.09975844621658325,0.790636420249939,0.32
0,E_traffic_time_causal,traffic_time,36,0.9,0,0,0.5216959118843079,0.22841590642929077,0.22062425315380096,0.3212383985519409,0.49759724736213684,0.7734621167182922,0.8241783976554871,0.14036552608013153,0.8478820323944092,0.4976875
0,E_traffic_time_causal,traffic_time,36,0.9,1,0,0.4326033294200897,0.22404831647872925,0.1162814050912857,0.22276519238948822,0.453788697719574,0.6172831654548645,0.7371271252632141,0.05299850180745125,0.8491417169570923,0.432
0,E_traffic_time_causal,traffic_time,36,0.9,0,1,0.5368796586990356,0.2080727070569992,0.2740423381328583,0.34963300824165344,0.5149356722831726,0.7539178729057312,0.8253007531166077,0.1665448248386383,0.8492886424064636,0.51840625
0,E_traffic_time_causal,traffic_time,36,0.9,1,1,0.39932766556739807,0.21295620501041412,0.10935258120298386,0.19438278675079346,0.41660916805267334,0.5682121515274048,0.6936689615249634,0.0562564916908741,0.8350536227226257,0.3600625
0,E_traffic_time_causal,traffic_time,36,0.9,0,2,0.4900822043418884,0.22903458774089813,0.20715811848640442,0.271535187959671,0.46286848187446594,0.7370375394821167,0.804017961025238,0.14939403533935547,0.848391056060791,0.461
0,E_traffic_time_causal,traffic_time,36,0.9,1,2,0.4119119942188263,0.2343510240316391,0.09053316712379456,0.17624720931053162,0.431468665599823,0.6027851700782776,0.7378163933753967,0.05438791215419769,0.8406797051429749,0.4048125
0,E_traffic_time_causal,traffic_time,36,0.9,0,3,0.5503900647163391,0.21772803366184235,0.26804184913635254,0.354050874710083,0.5458825826644897,0.774775505065918,0.829434335231781,0.12624509632587433,0.8481747508049011,0.5530625
0,E_traffic_time_causal,traffic_time,36,0.9,1,3,0.4390953779220581,0.21039418876171112,0.13508640229701996,0.24499613046646118,0.46706897020339966,0.6106052398681641,0.7194227576255798,0.05512455478310585,0.841457724571228,0.44628125
0,H_time_query_causal,traffic_time_query,12,0.3,0,0,0.5561374425888062,0.1839871108531952,0.2535605728626251,0.41961783170700073,0.6203563809394836,0.697050929069519,0.7545688152313232,0.08780079334974289,0.8184864521026611,0.676125
0,H_time_query_causal,traffic_time_query,12,0.3,1,0,0.4482954740524292,0.2168077826499939,0.1779783070087433,0.23848573863506317,0.43142974376678467,0.640074610710144,0.7649811506271362,0.1328630894422531,0.8564542531967163,0.426875
0,H_time_query_causal,traffic_time_query,12,0.3,0,1,0.5349810123443604,0.19800899922847748,0.22785577178001404,0.3610147535800934,0.5907556414604187,0.701616644859314,0.7655894756317139,0.08127596974372864,0.8202678561210632,0.61590625
0,H_time_query_causal,traffic_time_query,12,0.3,1,1,0.43909698724746704,0.21305541694164276,0.17563588917255402,0.24344269931316376,0.409938782453537,0.6243787407875061,0.7567075490951538,0.13303601741790771,0.8672693371772766,0.3981875
0,H_time_query_causal,traffic_time_query,12,0.3,0,2,0.5513508915901184,0.17277143895626068,0.2709677815437317,0.42090365290641785,0.6084789037704468,0.6863009929656982,0.737162709236145,0.08809424936771393,0.8198138475418091,0.65759375
0,H_time_query_causal,traffic_time_query,12,0.3,1,2,0.4652312099933624,0.22381527721881866,0.17602892220020294,0.23614610731601715,0.477275013923645,0.6628807187080383,0.7813486456871033,0.13604944944381714,0.8632636070251465,0.4715625
0,H_time_query_causal,traffic_time_query,12,0.3,0,3,0.5659915804862976,0.1731974333524704,0.28179505467414856,0.4478612244129181,0.625365138053894,0.6911373138427734,0.7524657845497131,0.08579279482364655,0.8185092210769653,0.70840625
0,H_time_query_causal,traffic_time_query,12,0.3,1,3,0.45866143703460693,0.209451362490654,0.19120383262634277,0.2632957696914673,0.4528597593307495,0.6318529844284058,0.7660940885543823,0.12961743772029877,0.8606331944465637,0.44215625
0,H_time_query_causal,traffic_time_query,36,0.5,0,0,0.41663995385169983,0.17858977615833282,0.25312379002571106,0.28272780776023865,0.346625953912735,0.5085051655769348,0.6963297128677368,0.2104017585515976,0.9831780791282654,0.26153125
0,H_time_query_causal,traffic_time_query,36,0.5,1,0,0.38928601145744324,0.2185761034488678,0.10534965991973877,0.1800609529018402,0.37732285261154175,0.5645403861999512,0.7104204893112183,0.058020565658807755,0.8103181719779968,0.34946875
0,H_time_query_causal,traffic_time_query,36,0.5,0,1,0.4624764323234558,0.1762300580739975,0.27265405654907227,0.32560622692108154,0.4164382815361023,0.5628495216369629,0.7414418458938599,0.20960912108421326,0.9822174906730652,0.3408125
0,H_time_query_causal,traffic_time_query,36,0.5,1,1,0.36281242966651917,0.201212540268898,0.1051337718963623,0.16919633746147156,0.35456350445747375,0.5263946056365967,0.6528631448745728,0.0600789450109005,0.8116483688354492,0.28190625
0,H_time_query_causal,traffic_time_query,36,0.5,0,2,0.4131074547767639,0.1773100346326828,0.2458084672689438,0.28029873967170715,0.34870707988739014,0.4969288408756256,0.711768388748169,0.20734380185604095,0.9773402214050293,0.24696875
0,H_time_query_causal,traffic_time_query,36,0.5,1,2,0.3816913962364197,0.21825668215751648,0.09489874541759491,0.15998266637325287,0.3965598940849304,0.5492454171180725,0.6952174305915833,0.05705508962273598,0.8102395534515381,0.32703125
0,H_time_query_causal,traffic_time_query,36,0.5,0,3,0.39279064536094666,0.17158877849578857,0.23964554071426392,0.2680787146091461,0.3272441029548645,0.4717453122138977,0.6586732268333435,0.20602281391620636,0.9821750521659851,0.22025
0,H_time_query_causal,traffic_time_query,36,0.5,1,3,0.3987607955932617,0.2099340856075287,0.11435528099536896,0.20559382438659668,0.3930584192276001,0.5637670159339905,0.7067520022392273,0.057727135717868805,0.8119321465492249,0.3476875
0,J_time_weather_causal,traffic_time_weather,12,0.7,0,0,0.48387762904167175,0.12571561336517334,0.28280943632125854,0.4003790020942688,0.5104086399078369,0.5652991533279419,0.6227276921272278,0.2056421935558319,0.7836454510688782,0.54446875
0,J_time_weather_causal,traffic_time_weather,12,0.7,1,0,0.40175560116767883,0.26798638701438904,0.08983805775642395,0.1420658528804779,0.34672874212265015,0.6682646870613098,0.7947201728820801,0.05798499286174774,0.8524373769760132,0.38771875
0,J_time_weather_causal,traffic_time_weather,12,0.7,0,1,0.5387260317802429,0.07799689471721649,0.4424554407596588,0.48117324709892273,0.5354642868041992,0.5867307186126709,0.6362917423248291,0.3333890736103058,0.785520076751709,0.6778125
0,J_time_weather_causal,traffic_time_weather,12,0.7,1,1,0.40422675013542175,0.26329898834228516,0.09150008112192154,0.14751292765140533,0.3547596335411072,0.6576539278030396,0.7885723114013672,0.05939966067671776,0.8537859916687012,0.3960625
0,J_time_weather_causal,traffic_time_weather,12,0.7,0,2,0.46218764781951904,0.11344810575246811,0.2918502986431122,0.38288193941116333,0.4677111506462097,0.5537327527999878,0.60636305809021,0.214433953166008,0.7376429438591003,0.415
0,J_time_weather_causal,traffic_time_weather,12,0.7,1,2,0.41175544261932373,0.27639979124069214,0.0858716294169426,0.13378947973251343,0.3644653558731079,0.7017291784286499,0.8058529496192932,0.057856325060129166,0.8544368147850037,0.39828125
0,J_time_weather_causal,traffic_time_weather,12,0.7,0,3,0.491201788187027,0.12004874646663666,0.304630309343338,0.4191438853740692,0.5134580731391907,0.5676392912864685,0.6261231303215027,0.194862499833107,0.7861453294754028,0.55571875
0,J_time_weather_causal,traffic_time_weather,12,0.7,1,3,0.40228790044784546,0.2531477212905884,0.09362424910068512,0.16263923048973083,0.35971903800964355,0.6413537263870239,0.7759235501289368,0.05834045633673668,0.8523449897766113,0.379125
0,J_time_weather_causal,traffic_time_weather,36,0.1,0,0,0.540362536907196,0.14246766269207,0.33404040336608887,0.39827197790145874,0.5823101997375488,0.65987229347229,0.7082886099815369,0.14026156067848206,0.774188220500946,0.63353125
0,J_time_weather_causal,traffic_time_weather,36,0.1,1,0,0.3145398497581482,0.198313906788826,0.07946452498435974,0.13335667550563812,0.2741062641143799,0.49019840359687805,0.6079732775688171,0.05707597732543945,0.7618938088417053,0.23984375
0,J_time_weather_causal,traffic_time_weather,36,0.1,0,1,0.5372580289840698,0.14663413166999817,0.3322056233882904,0.38543617725372314,0.5729838013648987,0.662808895111084,0.7153722047805786,0.12909632921218872,0.7909691333770752,0.62290625
0,J_time_weather_causal,traffic_time_weather,36,0.1,1,1,0.30564963817596436,0.19180376827716827,0.07968408614397049,0.13339310884475708,0.26685386896133423,0.4649777412414551,0.5962895154953003,0.05786517634987831,0.7608212828636169,0.21340625
0,J_time_weather_causal,traffic_time_weather,36,0.1,0,2,0.5415347814559937,0.16013884544372559,0.32499226927757263,0.3684820830821991,0.5858732461929321,0.681021511554718,0.7355509400367737,0.134398952126503,0.8002182841300964,0.59959375
0,J_time_weather_causal,traffic_time_weather,36,0.1,1,2,0.3166353702545166,0.20271426439285278,0.07898265868425369,0.13475364446640015,0.26620495319366455,0.4995206594467163,0.6267626285552979,0.05664575845003128,0.7664956450462341,0.2494375
0,J_time_weather_causal,traffic_time_weather,36,0.1,0,3,0.544968843460083,0.13891592621803284,0.34821683168411255,0.40996789932250977,0.5806964039802551,0.6553864479064941,0.7098915576934814,0.13287441432476044,0.8081678152084351,0.65403125
0,J_time_weather_causal,traffic_time_weather,36,0.1,1,3,0.31624889373779297,0.19241675734519958,0.0867428407073021,0.1401466429233551,0.28032276034355164,0.48662203550338745,0.6034049987792969,0.05740426108241081,0.760246753692627,0.23571875
21,C_traffic_time_query,traffic_time_weather_query,12,1.0,0,0,0.9999005794525146,2.384185791015625e-07,0.9999003410339355,0.9999003410339355,0.9999003410339355,0.9999003410339355,0.9999003410339355,0.9999003410339355,0.9999003410339355,1.0
21,C_traffic_time_query,traffic_time_weather_query,12,1.0,1,0,0.9998999238014221,5.960464477539063e-08,0.9998998641967773,0.9998998641967773,0.9998998641967773,0.9998998641967773,0.9998998641967773,0.9998998641967773,0.9998998641967773,1.0
21,C_traffic_time_query,traffic_time_weather_query,12,1.0,0,1,0.9999005794525146,2.384185791015625e-07,0.9999003410339355,0.9999003410339355,0.9999003410339355,0.9999003410339355,0.9999003410339355,0.9999003410339355,0.9999003410339355,1.0
21,C_traffic_time_query,traffic_time_weather_query,12,1.0,1,1,0.9998999238014221,5.960464477539063e-08,0.9998998641967773,0.9998998641967773,0.9998998641967773,0.9998998641967773,0.9998998641967773,0.9998998641967773,0.9998998641967773,1.0
21,C_traffic_time_query,traffic_time_weather_query,12,1.0,0,2,0.9999005794525146,2.384185791015625e-07,0.9999003410339355,0.9999003410339355,0.9999003410339355,0.9999003410339355,0.9999003410339355,0.9999003410339355,0.9999003410339355,1.0
21,C_traffic_time_query,traffic_time_weather_query,12,1.0,1,2,0.9998999238014221,5.960464477539063e-08,0.9998998641967773,0.9998998641967773,0.9998998641967773,0.9998998641967773,0.9998998641967773,0.9998998641967773,0.9998998641967773,1.0
21,C_traffic_time_query,traffic_time_weather_query,12,1.0,0,3,0.9999005794525146,2.384185791015625e-07,0.9999003410339355,0.9999003410339355,0.9999003410339355,0.9999003410339355,0.9999003410339355,0.9999003410339355,0.9999003410339355,1.0
21,C_traffic_time_query,traffic_time_weather_query,12,1.0,1,3,0.9998999238014221,5.960464477539063e-08,0.9998998641967773,0.9998998641967773,0.9998998641967773,0.9998998641967773,0.9998998641967773,0.9998998641967773,0.9998998641967773,1.0
21,C_traffic_time_query,traffic_time_weather_query,36,0.3,0,0,0.40386876463890076,0.1975017488002777,0.22873255610466003,0.2526494860649109,0.31321221590042114,0.5108556747436523,0.7427570223808289,0.18676652014255524,0.9491300582885742,0.26125
21,C_traffic_time_query,traffic_time_weather_query,36,0.3,1,0,0.38203322887420654,0.1960640549659729,0.11695072054862976,0.2103472352027893,0.3638531565666199,0.5604673624038696,0.6449935436248779,0.056781869381666183,0.8778481483459473,0.31990625
21,C_traffic_time_query,traffic_time_weather_query,36,0.3,0,1,0.46683114767074585,0.2066928595304489,0.2566392123699188,0.29955509305000305,0.393621563911438,0.5989255905151367,0.8463683724403381,0.21496553719043732,0.948479413986206,0.3504375
21,C_traffic_time_query,traffic_time_weather_query,36,0.3,1,1,0.3884395658969879,0.18069013953208923,0.13040344417095184,0.24597415328025818,0.37785059213638306,0.5439683198928833,0.625881016254425,0.06129389628767967,0.8578943610191345,0.32171875
21,C_traffic_time_query,traffic_time_weather_query,36,0.3,0,2,0.4403972923755646,0.20181728899478912,0.23404373228549957,0.27866506576538086,0.3765646815299988,0.5619313716888428,0.7921929359436035,0.19659395515918732,0.9438498616218567,0.3119375
21,C_traffic_time_query,traffic_time_weather_query,36,0.3,1,2,0.3903937339782715,0.20211631059646606,0.11831840872764587,0.2229330986738205,0.3634345829486847,0.5748885869979858,0.6695030331611633,0.05639971047639847,0.8794610500335693,0.3389375
21,C_traffic_time_query,traffic_time_weather_query,36,0.3,0,3,0.3933815360069275,0.1909002959728241,0.23231174051761627,0.2508320212364197,0.30876922607421875,0.48988521099090576,0.7143304944038391,0.21017223596572876,0.9451770782470703,0.24175
21,C_traffic_time_query,traffic_time_weather_query,36,0.3,1,3,0.3702036142349243,0.18634553253650665,0.11619822680950165,0.21327394247055054,0.35225269198417664,0.5294879674911499,0.6257330179214478,0.060203325003385544,0.8572385311126709,0.28490625
21,D_traffic_causal,traffic_only,12,1.0,0,0,0.9999001622200012,5.960464477539063e-08,0.999900221824646,0.999900221824646,0.999900221824646,0.999900221824646,0.999900221824646,0.999900221824646,0.999900221824646,1.0
21,D_traffic_causal,traffic_only,12,1.0,1,0,0.9998998045921326,5.960464477539063e-08,0.9998997449874878,0.9998997449874878,0.9998997449874878,0.9998997449874878,0.9998997449874878,0.9998997449874878,0.9998997449874878,1.0
21,D_traffic_causal,traffic_only,12,1.0,0,1,0.9999001622200012,5.960464477539063e-08,0.999900221824646,0.999900221824646,0.999900221824646,0.999900221824646,0.999900221824646,0.999900221824646,0.999900221824646,1.0
21,D_traffic_causal,traffic_only,12,1.0,1,1,0.9998998045921326,5.960464477539063e-08,0.9998997449874878,0.9998997449874878,0.9998997449874878,0.9998997449874878,0.9998997449874878,0.9998997449874878,0.9998997449874878,1.0
21,D_traffic_causal,traffic_only,12,1.0,0,2,0.9999001622200012,5.960464477539063e-08,0.999900221824646,0.999900221824646,0.999900221824646,0.999900221824646,0.999900221824646,0.999900221824646,0.999900221824646,1.0
21,D_traffic_causal,traffic_only,12,1.0,1,2,0.9998998045921326,5.960464477539063e-08,0.9998997449874878,0.9998997449874878,0.9998997449874878,0.9998997449874878,0.9998997449874878,0.9998997449874878,0.9998997449874878,1.0
21,D_traffic_causal,traffic_only,12,1.0,0,3,0.9999001622200012,5.960464477539063e-08,0.999900221824646,0.999900221824646,0.999900221824646,0.999900221824646,0.999900221824646,0.999900221824646,0.999900221824646,1.0
21,D_traffic_causal,traffic_only,12,1.0,1,3,0.9998998045921326,5.960464477539063e-08,0.9998997449874878,0.9998997449874878,0.9998997449874878,0.9998997449874878,0.9998997449874878,0.9998997449874878,0.9998997449874878,1.0
21,D_traffic_causal,traffic_only,36,0.7,0,0,0.4357011020183563,0.0970568135380745,0.31792429089546204,0.3542715907096863,0.4276559352874756,0.5070927739143372,0.5830972790718079,0.2435932755470276,0.6586864590644836,0.26240625
21,D_traffic_causal,traffic_only,36,0.7,1,0,0.32038840651512146,0.14099308848381042,0.15962840616703033,0.20137791335582733,0.277873158454895,0.44627153873443604,0.5398473143577576,0.09683266282081604,0.6292678117752075,0.17828125
21,D_traffic_causal,traffic_only,36,0.7,0,1,0.4451673924922943,0.09498623758554459,0.32609662413597107,0.36587631702423096,0.43591660261154175,0.5143333077430725,0.5935660600662231,0.2566230297088623,0.658223569393158,0.2725625
21,D_traffic_causal,traffic_only,36,0.7,1,1,0.3120158910751343,0.1369100660085678,0.15710701048374176,0.19631172716617584,0.2742248773574829,0.42519885301589966,0.5320309400558472,0.10723938792943954,0.6360998749732971,0.15934375
21,D_traffic_causal,traffic_only,36,0.7,0,2,0.44284698367118835,0.10447787493467331,0.3118657171726227,0.3583100736141205,0.4291010797023773,0.5277623534202576,0.6043455004692078,0.2436414361000061,0.6585459113121033,0.29296875
21,D_traffic_causal,traffic_only,36,0.7,1,2,0.31154558062553406,0.1368904858827591,0.15535813570022583,0.19753628969192505,0.2742113471031189,0.4215087890625,0.5331489443778992,0.10313629359006882,0.6353124380111694,0.157625
21,D_traffic_causal,traffic_only,36,0.7,0,3,0.45058581233024597,0.09772629290819168,0.3245890438556671,0.3669670820236206,0.44102075695991516,0.5296865701675415,0.5981860160827637,0.24741104245185852,0.6587403416633606,0.3135625
21,D_traffic_causal,traffic_only,36,0.7,1,3,0.31713852286338806,0.13498270511627197,0.16642527282238007,0.20768748223781586,0.27387094497680664,0.43462830781936646,0.534224271774292,0.10277332365512848,0.6333925127983093,0.15875
21,E_traffic_time_causal,traffic_time,12,0.9,0,0,0.4989451766014099,0.25833016633987427,0.1757841408252716,0.2571214735507965,0.4589765965938568,0.7502176761627197,0.85972660779953,0.11207391321659088,0.9318174123764038,0.47
21,E_traffic_time_causal,traffic_time,12,0.9,1,0,0.2920062243938446,0.20745578408241272,0.08265650272369385,0.11555274575948715,0.21231487393379211,0.45211759209632874,0.6385790109634399,0.046257536858320236,0.7802510261535645,0.2178125
21,E_traffic_time_causal,traffic_time,12,0.9,0,1,0.5752999186515808,0.2650740146636963,0.2252146452665329,0.3142040967941284,0.5911069512367249,0.8481234908103943,0.9099823832511902,0.12956951558589935,0.9357954263687134,0.55359375
21,E_traffic_time_causal,traffic_time,12,0.9,1,1,0.2892191410064697,0.1990184783935547,0.08507639169692993,0.11564595252275467,0.2257145643234253,0.44058939814567566,0.6180048584938049,0.046871431171894073,0.7714082598686218,0.19621875
21,E_traffic_time_causal,traffic_time,12,0.9,0,2,0.513275146484375,0.27626749873161316,0.17828689515590668,0.22906991839408875,0.49201616644859314,0.8016504049301147,0.8877727389335632,0.11729059368371964,0.9338585138320923,0.495
21,E_traffic_time_causal,traffic_time,12,0.9,1,2,0.3057476878166199,0.21972325444221497,0.08442122489213943,0.11898951232433319,0.21526621282100677,0.5038276314735413,0.6664214134216309,0.053989239037036896,0.7813277244567871,0.2523125
21,E_traffic_time_causal,traffic_time,12,0.9,0,3,0.5319094061851501,0.25376948714256287,0.19413316249847412,0.29420632123947144,0.5318083167076111,0.7735648155212402,0.8673578500747681,0.0971132218837738,0.93381667137146,0.52434375
21,E_traffic_time_causal,traffic_time,12,0.9,1,3,0.2920680344104767,0.1991879940032959,0.08826284855604172,0.12396365404129028,0.21576446294784546,0.4351292848587036,0.6269454956054688,0.045000363141298294,0.7885288596153259,0.19775
21,E_traffic_time_causal,traffic_time,36,0.9,0,0,0.4574449360370636,0.25011298060417175,0.1325729787349701,0.21942850947380066,0.43495115637779236,0.7058712244033813,0.7884812355041504,0.08064247667789459,0.8887981176376343,0.450375
21,E_traffic_time_causal,traffic_time,36,0.9,1,0,0.27488476037979126,0.2121703326702118,0.04657519608736038,0.06623464077711105,0.2172708511352539,0.4863797426223755,0.5868118405342102,0.02907538041472435,0.7364356517791748,0.235125
21,E_traffic_time_causal,traffic_time,36,0.9,0,1,0.5451181530952454,0.24145328998565674,0.23787616193294525,0.2894424498081207,0.5682035684585571,0.7944415807723999,0.8358516097068787,0.12607766687870026,0.8826916217803955,0.545375
21,E_traffic_time_causal,traffic_time,36,0.9,1,1,0.30445462465286255,0.217494398355484,0.058483026921749115,0.09008514881134033,0.25706976652145386,0.5207080841064453,0.6147798299789429,0.030681701377034187,0.7742931246757507,0.27028125
21,E_traffic_time_causal,traffic_time,36,0.9,0,2,0.48383647203445435,0.2608339488506317,0.13589535653591156,0.23624441027641296,0.48478224873542786,0.7362540364265442,0.8333691358566284,0.08495495468378067,0.8754432201385498,0.4886875
21,E_traffic_time_causal,traffic_time,36,0.9,1,2,0.28682392835617065,0.2258976250886917,0.05447220802307129,0.07627703249454498,0.20268100500106812,0.5051913261413574,0.63491290807724,0.032555487006902695,0.7677175402641296,0.25446875
21,E_traffic_time_causal,traffic_time,36,0.9,0,3,0.48469215631484985,0.23809568583965302,0.16519147157669067,0.2557692527770996,0.4957035481929779,0.7102937698364258,0.7887430787086487,0.07789617031812668,0.8596897125244141,0.4966875
21,E_traffic_time_causal,traffic_time,36,0.9,1,3,0.27592799067497253,0.2092554271221161,0.05237709730863571,0.08093798905611038,0.20633524656295776,0.47447019815444946,0.5968260169029236,0.0320437029004097,0.7591349482536316,0.22765625
21,H_time_query_causal,traffic_time_query,12,0.0,0,0,9.982345363823697e-05,0.0,9.982345363823697e-05,9.982345363823697e-05,9.982345363823697e-05,9.982345363823697e-05,9.982345363823697e-05,9.982345363823697e-05,9.982345363823697e-05,0.0
21,H_time_query_causal,traffic_time_query,12,0.0,1,0,9.985069482354447e-05,1.4551915228366852e-11,9.985068027162924e-05,9.985068027162924e-05,9.985068027162924e-05,9.985068027162924e-05,9.985068027162924e-05,9.985068027162924e-05,9.985068027162924e-05,0.0
21,H_time_query_causal,traffic_time_query,12,0.0,0,1,9.982345363823697e-05,0.0,9.982345363823697e-05,9.982345363823697e-05,9.982345363823697e-05,9.982345363823697e-05,9.982345363823697e-05,9.982345363823697e-05,9.982345363823697e-05,0.0
21,H_time_query_causal,traffic_time_query,12,0.0,1,1,9.985069482354447e-05,1.4551915228366852e-11,9.985068027162924e-05,9.985068027162924e-05,9.985068027162924e-05,9.985068027162924e-05,9.985068027162924e-05,9.985068027162924e-05,9.985068027162924e-05,0.0
21,H_time_query_causal,traffic_time_query,12,0.0,0,2,9.982345363823697e-05,0.0,9.982345363823697e-05,9.982345363823697e-05,9.982345363823697e-05,9.982345363823697e-05,9.982345363823697e-05,9.982345363823697e-05,9.982345363823697e-05,0.0
21,H_time_query_causal,traffic_time_query,12,0.0,1,2,9.985069482354447e-05,1.4551915228366852e-11,9.985068027162924e-05,9.985068027162924e-05,9.985068027162924e-05,9.985068027162924e-05,9.985068027162924e-05,9.985068027162924e-05,9.985068027162924e-05,0.0
21,H_time_query_causal,traffic_time_query,12,0.0,0,3,9.982345363823697e-05,0.0,9.982345363823697e-05,9.982345363823697e-05,9.982345363823697e-05,9.982345363823697e-05,9.982345363823697e-05,9.982345363823697e-05,9.982345363823697e-05,0.0
21,H_time_query_causal,traffic_time_query,12,0.0,1,3,9.985069482354447e-05,1.4551915228366852e-11,9.985068027162924e-05,9.985068027162924e-05,9.985068027162924e-05,9.985068027162924e-05,9.985068027162924e-05,9.985068027162924e-05,9.985068027162924e-05,0.0
21,H_time_query_causal,traffic_time_query,36,0.3,0,0,0.4510481357574463,0.21263648569583893,0.22453325986862183,0.28508493304252625,0.3934639096260071,0.5402503609657288,0.8378545045852661,0.18017955124378204,0.9780046343803406,0.2963125
21,H_time_query_causal,traffic_time_query,36,0.3,1,0,0.41952022910118103,0.1939021497964859,0.1725960522890091,0.2316051870584488,0.41358816623687744,0.5887635946273804,0.6850700378417969,0.051524512469768524,0.8758500218391418,0.37828125
21,H_time_query_causal,traffic_time_query,36,0.3,0,1,0.49781468510627747,0.2050977647304535,0.27442479133605957,0.34685906767845154,0.44226205348968506,0.5974051356315613,0.862280547618866,0.18892134726047516,0.9783650040626526,0.3735
21,H_time_query_causal,traffic_time_query,36,0.3,1,1,0.4063989222049713,0.17832253873348236,0.17351216077804565,0.24132481217384338,0.4016682505607605,0.5528875589370728,0.6576319932937622,0.05376593768596649,0.8643496036529541,0.332125
21,H_time_query_causal,traffic_time_query,36,0.3,0,2,0.4783552885055542,0.20593176782131195,0.24299439787864685,0.3390243351459503,0.4165678024291992,0.5880325436592102,0.8406152129173279,0.18329912424087524,0.9758349657058716,0.338
21,H_time_query_causal,traffic_time_query,36,0.3,1,2,0.42415088415145874,0.19453400373458862,0.17475369572639465,0.23990969359874725,0.4216858744621277,0.5856571793556213,0.704075038433075,0.05252476781606674,0.8937587738037109,0.364125
21,H_time_query_causal,traffic_time_query,36,0.3,0,3,0.4225395619869232,0.20714981853961945,0.21806468069553375,0.26459652185440063,0.3597487509250641,0.49787551164627075,0.8049237132072449,0.1860657036304474,0.9775051474571228,0.24771875
21,H_time_query_causal,traffic_time_query,36,0.3,1,3,0.41088971495628357,0.1833147257566452,0.1732739955186844,0.2350994199514389,0.4110519289970398,0.56157386302948,0.6617128849029541,0.06435876339673996,0.8789275884628296,0.34821875
21,J_time_weather_causal,traffic_time_weather,12,0.0,0,0,9.979753667721525e-05,2.1827872842550278e-11,9.979755850508809e-05,9.979755850508809e-05,9.979755850508809e-05,9.979755850508809e-05,9.979755850508809e-05,9.979755850508809e-05,9.979755850508809e-05,0.0
21,J_time_weather_causal,traffic_time_weather,12,0.0,1,0,9.981262701330706e-05,2.1827872842550278e-11,9.981260518543422e-05,9.981260518543422e-05,9.981260518543422e-05,9.981260518543422e-05,9.981260518543422e-05,9.981260518543422e-05,9.981260518543422e-05,0.0
21,J_time_weather_causal,traffic_time_weather,12,0.0,0,1,9.979753667721525e-05,2.1827872842550278e-11,9.979755850508809e-05,9.979755850508809e-05,9.979755850508809e-05,9.979755850508809e-05,9.979755850508809e-05,9.979755850508809e-05,9.979755850508809e-05,0.0
21,J_time_weather_causal,traffic_time_weather,12,0.0,1,1,9.981262701330706e-05,2.1827872842550278e-11,9.981260518543422e-05,9.981260518543422e-05,9.981260518543422e-05,9.981260518543422e-05,9.981260518543422e-05,9.981260518543422e-05,9.981260518543422e-05,0.0
21,J_time_weather_causal,traffic_time_weather,12,0.0,0,2,9.979753667721525e-05,2.1827872842550278e-11,9.979755850508809e-05,9.979755850508809e-05,9.979755850508809e-05,9.979755850508809e-05,9.979755850508809e-05,9.979755850508809e-05,9.979755850508809e-05,0.0
21,J_time_weather_causal,traffic_time_weather,12,0.0,1,2,9.981262701330706e-05,2.1827872842550278e-11,9.981260518543422e-05,9.981260518543422e-05,9.981260518543422e-05,9.981260518543422e-05,9.981260518543422e-05,9.981260518543422e-05,9.981260518543422e-05,0.0
21,J_time_weather_causal,traffic_time_weather,12,0.0,0,3,9.979753667721525e-05,2.1827872842550278e-11,9.979755850508809e-05,9.979755850508809e-05,9.979755850508809e-05,9.979755850508809e-05,9.979755850508809e-05,9.979755850508809e-05,9.979755850508809e-05,0.0
21,J_time_weather_causal,traffic_time_weather,12,0.0,1,3,9.981262701330706e-05,2.1827872842550278e-11,9.981260518543422e-05,9.981260518543422e-05,9.981260518543422e-05,9.981260518543422e-05,9.981260518543422e-05,9.981260518543422e-05,9.981260518543422e-05,0.0
21,J_time_weather_causal,traffic_time_weather,36,0.9,0,0,0.38872307538986206,0.2010108381509781,0.13687732815742493,0.20291781425476074,0.3648224472999573,0.579349935054779,0.6695199608802795,0.0812516063451767,0.8300480246543884,0.3553125
21,J_time_weather_causal,traffic_time_weather,36,0.9,1,0,0.34738975763320923,0.2497580498456955,0.06661156564950943,0.09716104716062546,0.3048206865787506,0.5856058597564697,0.7149957418441772,0.03666213899850845,0.8649585247039795,0.32890625
21,J_time_weather_causal,traffic_time_weather,36,0.9,0,1,0.4692937135696411,0.19006140530109406,0.21607279777526855,0.30023056268692017,0.4692723751068115,0.6508135795593262,0.7156546711921692,0.10004115849733353,0.8435675501823425,0.47025
21,J_time_weather_causal,traffic_time_weather,36,0.9,1,1,0.3730352222919464,0.24447017908096313,0.0741458311676979,0.13162609934806824,0.3360523581504822,0.6093575358390808,0.7229413390159607,0.038184717297554016,0.8662161827087402,0.34596875
21,J_time_weather_causal,traffic_time_weather,36,0.9,0,2,0.4737069606781006,0.19151154160499573,0.19520680606365204,0.32439377903938293,0.4766799509525299,0.6513571739196777,0.7233572602272034,0.09486813098192215,0.833670973777771,0.47425
21,J_time_weather_causal,traffic_time_weather,36,0.9,1,2,0.3572251498699188,0.2603152096271515,0.07181381434202194,0.10696679353713989,0.2972101867198944,0.6078317165374756,0.7551826238632202,0.04325505718588829,0.8648539185523987,0.3290625
21,J_time_weather_causal,traffic_time_weather,36,0.9,0,3,0.40476080775260925,0.20228587090969086,0.13753463327884674,0.22106456756591797,0.3963991701602936,0.5954291820526123,0.6786445379257202,0.0709758922457695,0.8280682563781738,0.37903125
21,J_time_weather_causal,traffic_time_weather,36,0.9,1,3,0.3466128706932068,0.24126680195331573,0.07021535933017731,0.11453546583652496,0.3074532747268677,0.5731474757194519,0.7107163071632385,0.039539191871881485,0.8672975897789001,0.3045625
42,C_traffic_time_query,traffic_time_weather_query,12,0.5,0,0,0.5119040608406067,0.161178857088089,0.2944059669971466,0.3790382742881775,0.5208470821380615,0.6219565272331238,0.7178125381469727,0.13958868384361267,0.9567474722862244,0.54359375
42,C_traffic_time_query,traffic_time_weather_query,12,0.5,1,0,0.3925454020500183,0.22509260475635529,0.09520678222179413,0.16572469472885132,0.39257562160491943,0.6049051880836487,0.698150634765625,0.06442813575267792,0.8226980566978455,0.38640625
42,C_traffic_time_query,traffic_time_weather_query,12,0.5,0,1,0.5800448060035706,0.11697440594434738,0.4402506947517395,0.5101486444473267,0.579689085483551,0.6400984525680542,0.7289324998855591,0.23268446326255798,0.9600070714950562,0.78659375
42,C_traffic_time_query,traffic_time_weather_query,12,0.5,1,1,0.3901766836643219,0.22690150141716003,0.09252019971609116,0.15712493658065796,0.3925480246543884,0.598289966583252,0.6998308897018433,0.06509435176849365,0.8119502663612366,0.38396875
42,C_traffic_time_query,traffic_time_weather_query,12,0.5,0,2,0.48264214396476746,0.11796507239341736,0.3129618763923645,0.38847824931144714,0.4995116889476776,0.5774537324905396,0.61675626039505,0.1569209098815918,0.7820428013801575,0.49828125
42,C_traffic_time_query,traffic_time_weather_query,12,0.5,1,2,0.3966740667819977,0.2283911108970642,0.09827028214931488,0.17536069452762604,0.37440723180770874,0.6190541386604309,0.7132148742675781,0.06468454748392105,0.8153256177902222,0.38415625
42,C_traffic_time_query,traffic_time_weather_query,12,0.5,0,3,0.5168963670730591,0.15837502479553223,0.2986268997192383,0.38901498913764954,0.5273491144180298,0.6247796416282654,0.7188145518302917,0.14700105786323547,0.958578884601593,0.55815625
42,C_traffic_time_query,traffic_time_weather_query,12,0.5,1,3,0.39602068066596985,0.2168789654970169,0.10557162761688232,0.18731680512428284,0.3950372338294983,0.5881526470184326,0.6970376372337341,0.0647277683019638,0.82232666015625,0.3724375
42,C_traffic_time_query,traffic_time_weather_query,36,0.3,0,0,0.4556591212749481,0.18768012523651123,0.2739516794681549,0.3144742250442505,0.3957306146621704,0.5313661098480225,0.7916536927223206,0.21367618441581726,0.9508365392684937,0.2718125
42,C_traffic_time_query,traffic_time_weather_query,36,0.3,1,0,0.40341562032699585,0.18974290788173676,0.14768411219120026,0.2510276436805725,0.3961760401725769,0.5599146485328674,0.6614947319030762,0.061868101358413696,0.9033008217811584,0.327
42,C_traffic_time_query,traffic_time_weather_query,36,0.3,0,1,0.5090441107749939,0.18312062323093414,0.3301478624343872,0.3774804174900055,0.4449843764305115,0.6088792085647583,0.8378078937530518,0.22795715928077698,0.9546438455581665,0.331125
42,C_traffic_time_query,traffic_time_weather_query,36,0.3,1,1,0.40335822105407715,0.17371240258216858,0.16203057765960693,0.26317691802978516,0.4047592580318451,0.5463276505470276,0.6338598728179932,0.0685109943151474,0.8773572444915771,0.32484375
42,C_traffic_time_query,traffic_time_weather_query,36,0.3,0,2,0.46422824263572693,0.1916961669921875,0.27204617857933044,0.31981977820396423,0.4013863205909729,0.5793522000312805,0.7969011068344116,0.21378520131111145,0.9439349174499512,0.29546875
42,C_traffic_time_query,traffic_time_weather_query,36,0.3,1,2,0.41289496421813965,0.19764012098312378,0.14350658655166626,0.24830634891986847,0.40870988368988037,0.5890855193138123,0.6813724637031555,0.0668615996837616,0.8917363882064819,0.3570625
42,C_traffic_time_query,traffic_time_weather_query,36,0.3,0,3,0.44171521067619324,0.1826038956642151,0.2714522182941437,0.31136780977249146,0.3777053952217102,0.4907993674278259,0.7780219912528992,0.21212489902973175,0.9536070227622986,0.2430625
42,C_traffic_time_query,traffic_time_weather_query,36,0.3,1,3,0.38812121748924255,0.18122874200344086,0.14174669981002808,0.2441416233778,0.38431668281555176,0.5290496945381165,0.6344137191772461,0.06856141984462738,0.8877108097076416,0.28934375
42,D_traffic_causal,traffic_only,12,0.9,0,0,0.5511757731437683,0.3185368776321411,0.1477624624967575,0.22574064135551453,0.5442734360694885,0.9079276323318481,0.9316051602363586,0.08144909143447876,0.944851815700531,0.52046875
42,D_traffic_causal,traffic_only,12,0.9,1,0,0.2774830460548401,0.17930440604686737,0.06278404593467712,0.11011522263288498,0.2416481077671051,0.44183409214019775,0.537521243095398,0.032494086772203445,0.832923948764801,0.1526875
42,D_traffic_causal,traffic_only,12,0.9,0,1,0.5645006895065308,0.3216487467288971,0.1385524868965149,0.23110398650169373,0.5835318565368652,0.9125862717628479,0.933009147644043,0.08267253637313843,0.9454746246337891,0.54478125
42,D_traffic_causal,traffic_only,12,0.9,1,1,0.26848968863487244,0.1767333745956421,0.05873769521713257,0.10280802845954895,0.23547488451004028,0.42992669343948364,0.528839647769928,0.03108278103172779,0.8133127093315125,0.14025
42,D_traffic_causal,traffic_only,12,0.9,0,2,0.5821208357810974,0.3218279182910919,0.14216013252735138,0.24498598277568817,0.6518548727035522,0.9212486147880554,0.9344384074211121,0.08166038990020752,0.9448015689849854,0.56796875
42,D_traffic_causal,traffic_only,12,0.9,1,2,0.26588594913482666,0.1756637543439865,0.056067146360874176,0.09575143456459045,0.23918098211288452,0.4181012511253357,0.5237681865692139,0.03303462266921997,0.8263187408447266,0.13040625
42,D_traffic_causal,traffic_only,12,0.9,0,3,0.6001186370849609,0.31070050597190857,0.1504681408405304,0.27647778391838074,0.677931010723114,0.9174571633338928,0.9332242608070374,0.07978806644678116,0.9453991651535034,0.60371875
42,D_traffic_causal,traffic_only,12,0.9,1,3,0.28296151757240295,0.18342839181423187,0.06767866760492325,0.11685536801815033,0.24733935296535492,0.4410851001739502,0.5438107252120972,0.028942732140421867,0.8538469076156616,0.15421875
42,D_traffic_causal,traffic_only,36,0.0,0,0,9.976675937650725e-05,2.1827872842550278e-11,9.976673754863441e-05,9.976673754863441e-05,9.976673754863441e-05,9.976673754863441e-05,9.976673754863441e-05,9.976673754863441e-05,9.976673754863441e-05,0.0
42,D_traffic_causal,traffic_only,36,0.0,1,0,9.972517000278458e-05,0.0,9.972517000278458e-05,9.972517000278458e-05,9.972517000278458e-05,9.972517000278458e-05,9.972517000278458e-05,9.972517000278458e-05,9.972517000278458e-05,0.0
42,D_traffic_causal,traffic_only,36,0.0,0,1,9.976675937650725e-05,2.1827872842550278e-11,9.976673754863441e-05,9.976673754863441e-05,9.976673754863441e-05,9.976673754863441e-05,9.976673754863441e-05,9.976673754863441e-05,9.976673754863441e-05,0.0
42,D_traffic_causal,traffic_only,36,0.0,1,1,9.972517000278458e-05,0.0,9.972517000278458e-05,9.972517000278458e-05,9.972517000278458e-05,9.972517000278458e-05,9.972517000278458e-05,9.972517000278458e-05,9.972517000278458e-05,0.0
42,D_traffic_causal,traffic_only,36,0.0,0,2,9.976675937650725e-05,2.1827872842550278e-11,9.976673754863441e-05,9.976673754863441e-05,9.976673754863441e-05,9.976673754863441e-05,9.976673754863441e-05,9.976673754863441e-05,9.976673754863441e-05,0.0
42,D_traffic_causal,traffic_only,36,0.0,1,2,9.972517000278458e-05,0.0,9.972517000278458e-05,9.972517000278458e-05,9.972517000278458e-05,9.972517000278458e-05,9.972517000278458e-05,9.972517000278458e-05,9.972517000278458e-05,0.0
42,D_traffic_causal,traffic_only,36,0.0,0,3,9.976675937650725e-05,2.1827872842550278e-11,9.976673754863441e-05,9.976673754863441e-05,9.976673754863441e-05,9.976673754863441e-05,9.976673754863441e-05,9.976673754863441e-05,9.976673754863441e-05,0.0
42,D_traffic_causal,traffic_only,36,0.0,1,3,9.972517000278458e-05,0.0,9.972517000278458e-05,9.972517000278458e-05,9.972517000278458e-05,9.972517000278458e-05,9.972517000278458e-05,9.972517000278458e-05,9.972517000278458e-05,0.0
42,E_traffic_time_causal,traffic_time,12,0.9,0,0,0.3580728769302368,0.12088550627231598,0.21677935123443604,0.269294798374176,0.32969722151756287,0.43324485421180725,0.5324566960334778,0.16825515031814575,0.7960778474807739,0.14865625
42,E_traffic_time_causal,traffic_time,12,0.9,1,0,0.4080260694026947,0.20535580813884735,0.1742185354232788,0.21570971608161926,0.3625001013278961,0.5903815627098083,0.7167779803276062,0.11389562487602234,0.8289925456047058,0.3533125
42,E_traffic_time_causal,traffic_time,12,0.9,0,1,0.354862242937088,0.11371176689863205,0.2148607224225998,0.26332736015319824,0.33740755915641785,0.44100433588027954,0.490291565656662,0.176513209939003,0.8173816204071045,0.09034375
42,E_traffic_time_causal,traffic_time,12,0.9,1,1,0.39983949065208435,0.1996154636144638,0.1679602563381195,0.20873954892158508,0.3641587495803833,0.5660222768783569,0.6996841430664062,0.12203241884708405,0.8284270167350769,0.33196875
42,E_traffic_time_causal,traffic_time,12,0.9,0,2,0.37828153371810913,0.13684378564357758,0.20799651741981506,0.24664616584777832,0.37306034564971924,0.4854159951210022,0.5521522760391235,0.18038702011108398,0.8130102157592773,0.21284375
42,E_traffic_time_causal,traffic_time,12,0.9,1,2,0.4094344973564148,0.21859906613826752,0.18129706382751465,0.21688060462474823,0.3282725512981415,0.6124815940856934,0.761252760887146,0.12250460684299469,0.8316963911056519,0.34134375
42,E_traffic_time_causal,traffic_time,12,0.9,0,3,0.3539429008960724,0.12812620401382446,0.21234190464019775,0.2570461630821228,0.31975507736206055,0.4318544566631317,0.547981858253479,0.16231904923915863,0.8409486413002014,0.15225
42,E_traffic_time_causal,traffic_time,12,0.9,1,3,0.3984101414680481,0.19523143768310547,0.1729816049337387,0.2160116732120514,0.3599711060523987,0.5626581311225891,0.6953612565994263,0.11631577461957932,0.822223424911499,0.33009375
42,E_traffic_time_causal,traffic_time,36,0.5,0,0,0.5046178698539734,0.15790003538131714,0.26060694456100464,0.33690959215164185,0.5875083208084106,0.6358214616775513,0.6587561368942261,0.20667500793933868,0.715349555015564,0.60453125
42,E_traffic_time_causal,traffic_time,36,0.5,1,0,0.34841910004615784,0.1861705183982849,0.10838653892278671,0.1740439534187317,0.3364565372467041,0.5228935480117798,0.6107418537139893,0.0530288890004158,0.6790777444839478,0.2778125
42,E_traffic_time_causal,traffic_time,36,0.5,0,1,0.5147078633308411,0.15644383430480957,0.2783130407333374,0.3485010266304016,0.5856976509094238,0.6466414332389832,0.6806495189666748,0.24467448890209198,0.7260606288909912,0.5963125
42,E_traffic_time_causal,traffic_time,36,0.5,1,1,0.336332768201828,0.17719979584217072,0.10920817404985428,0.17223717272281647,0.32054150104522705,0.4888700246810913,0.5970401167869568,0.05551061034202576,0.67529296875,0.234625
42,E_traffic_time_causal,traffic_time,36,0.5,0,2,0.5198354721069336,0.16944631934165955,0.2670013904571533,0.34257906675338745,0.6041883826255798,0.66969895362854,0.6936162710189819,0.21150004863739014,0.7343318462371826,0.595875
42,E_traffic_time_causal,traffic_time,36,0.5,1,2,0.33797529339790344,0.1859411895275116,0.10081054270267487,0.16849800944328308,0.31209200620651245,0.5108392238616943,0.6137175559997559,0.05133591964840889,0.6769887208938599,0.2623125
42,E_traffic_time_causal,traffic_time,36,0.5,0,3,0.5224272012710571,0.14498817920684814,0.28549131751060486,0.3740885555744171,0.5984130501747131,0.6365964412689209,0.6580113768577576,0.2114221304655075,0.7323185801506042,0.64775
42,E_traffic_time_causal,traffic_time,36,0.5,1,3,0.3469682037830353,0.17931605875492096,0.1162530705332756,0.18328161537647247,0.32927143573760986,0.5095603466033936,0.6079304814338684,0.05462396889925003,0.6788106560707092,0.26375
42,H_time_query_causal,traffic_time_query,12,0.5,0,0,0.4686794579029083,0.16958880424499512,0.2266007661819458,0.31915366649627686,0.46843090653419495,0.6177483201026917,0.6993828415870667,0.1654406189918518,0.772681713104248,0.45634375
42,H_time_query_causal,traffic_time_query,12,0.5,1,0,0.4031134843826294,0.15771904587745667,0.22671405971050262,0.2490345686674118,0.3766944408416748,0.5361449718475342,0.6095536351203918,0.20373839139938354,0.9074736833572388,0.3118125
42,H_time_query_causal,traffic_time_query,12,0.5,0,1,0.4985079765319824,0.1659564971923828,0.25713375210762024,0.36240074038505554,0.5083533525466919,0.648338258266449,0.7156803011894226,0.16946041584014893,0.7653406262397766,0.51528125
42,H_time_query_causal,traffic_time_query,12,0.5,1,1,0.40244805812835693,0.1598230004310608,0.22531695663928986,0.2490869015455246,0.3709048628807068,0.5480417609214783,0.6137190461158752,0.20655740797519684,0.9087827205657959,0.305375
42,H_time_query_causal,traffic_time_query,12,0.5,0,2,0.43347111344337463,0.17996051907539368,0.2110741138458252,0.2733405828475952,0.40448760986328125,0.5942568182945251,0.7061383128166199,0.17354151606559753,0.7800167202949524,0.362875
42,H_time_query_causal,traffic_time_query,12,0.5,1,2,0.38623684644699097,0.15560895204544067,0.22715725004673004,0.24261030554771423,0.33004865050315857,0.5250498056411743,0.5955755114555359,0.20443181693553925,0.9087040424346924,0.28384375
42,H_time_query_causal,traffic_time_query,12,0.5,0,3,0.44453591108322144,0.17690908908843994,0.2103816717863083,0.28486594557762146,0.434266597032547,0.5965306758880615,0.7012814879417419,0.1629260927438736,0.785588264465332,0.38109375
42,H_time_query_causal,traffic_time_query,12,0.5,1,3,0.38360583782196045,0.14877906441688538,0.22674596309661865,0.2492322027683258,0.34759387373924255,0.49949193000793457,0.59428870677948,0.20529764890670776,0.9082974195480347,0.24925
42,H_time_query_causal,traffic_time_query,36,0.5,0,0,0.4377983510494232,0.17639975249767303,0.2698942720890045,0.3204497992992401,0.3780190348625183,0.506569504737854,0.7414834499359131,0.15342648327350616,0.9571928977966309,0.25553125
42,H_time_query_causal,traffic_time_query,36,0.5,1,0,0.3711388111114502,0.15796366333961487,0.14869125187397003,0.22179684042930603,0.3823551535606384,0.4980373978614807,0.5854375958442688,0.0863313153386116,0.6975130438804626,0.24615625
42,H_time_query_causal,traffic_time_query,36,0.5,0,1,0.46042922139167786,0.1691758781671524,0.3234070837497711,0.34895235300064087,0.3834536075592041,0.5376810431480408,0.751864492893219,0.21124938130378723,0.9551423192024231,0.27496875
42,H_time_query_causal,traffic_time_query,36,0.5,1,1,0.33920052647590637,0.15165729820728302,0.13302358984947205,0.19250918924808502,0.3505638539791107,0.46132099628448486,0.5454794764518738,0.08775945752859116,0.6967039108276367,0.16571875
42,H_time_query_causal,traffic_time_query,36,0.5,0,2,0.4133332371711731,0.17264264822006226,0.2518627345561981,0.30272921919822693,0.34596794843673706,0.5036100149154663,0.7106624841690063,0.14981071650981903,0.9504660367965698,0.25240625
42,H_time_query_causal,traffic_time_query,36,0.5,1,2,0.36159461736679077,0.1622912585735321,0.13392652571201324,0.20073513686656952,0.3850306570529938,0.4882946312427521,0.5773323774337769,0.08709091693162918,0.6816185712814331,0.22628125
42,H_time_query_causal,traffic_time_query,36,0.5,0,3,0.4354301393032074,0.16442953050136566,0.2879679799079895,0.3329657018184662,0.38240760564804077,0.4740150570869446,0.7272883653640747,0.15697579085826874,0.9574505090713501,0.227875
42,H_time_query_causal,traffic_time_query,36,0.5,1,3,0.38000088930130005,0.14977538585662842,0.15945759415626526,0.2518399953842163,0.39696288108825684,0.4974171221256256,0.579651415348053,0.09104514122009277,0.6852730512619019,0.2440625
42,J_time_weather_causal,traffic_time_weather,12,1.0,0,0,0.9999001622200012,5.960464477539063e-08,0.999900221824646,0.999900221824646,0.999900221824646,0.999900221824646,0.999900221824646,0.999900221824646,0.999900221824646,1.0
42,J_time_weather_causal,traffic_time_weather,12,1.0,1,0,0.9999001622200012,5.960464477539063e-08,0.999900221824646,0.999900221824646,0.999900221824646,0.999900221824646,0.999900221824646,0.999900221824646,0.999900221824646,1.0
42,J_time_weather_causal,traffic_time_weather,12,1.0,0,1,0.9999001622200012,5.960464477539063e-08,0.999900221824646,0.999900221824646,0.999900221824646,0.999900221824646,0.999900221824646,0.999900221824646,0.999900221824646,1.0
42,J_time_weather_causal,traffic_time_weather,12,1.0,1,1,0.9999001622200012,5.960464477539063e-08,0.999900221824646,0.999900221824646,0.999900221824646,0.999900221824646,0.999900221824646,0.999900221824646,0.999900221824646,1.0
42,J_time_weather_causal,traffic_time_weather,12,1.0,0,2,0.9999001622200012,5.960464477539063e-08,0.999900221824646,0.999900221824646,0.999900221824646,0.999900221824646,0.999900221824646,0.999900221824646,0.999900221824646,1.0
42,J_time_weather_causal,traffic_time_weather,12,1.0,1,2,0.9999001622200012,5.960464477539063e-08,0.999900221824646,0.999900221824646,0.999900221824646,0.999900221824646,0.999900221824646,0.999900221824646,0.999900221824646,1.0
42,J_time_weather_causal,traffic_time_weather,12,1.0,0,3,0.9999001622200012,5.960464477539063e-08,0.999900221824646,0.999900221824646,0.999900221824646,0.999900221824646,0.999900221824646,0.999900221824646,0.999900221824646,1.0
42,J_time_weather_causal,traffic_time_weather,12,1.0,1,3,0.9999001622200012,5.960464477539063e-08,0.999900221824646,0.999900221824646,0.999900221824646,0.999900221824646,0.999900221824646,0.999900221824646,0.999900221824646,1.0
42,J_time_weather_causal,traffic_time_weather,36,0.0,0,0,9.978501475416124e-05,7.275957614183426e-12,9.978500747820362e-05,9.978500747820362e-05,9.978500747820362e-05,9.978500747820362e-05,9.978500747820362e-05,9.978500747820362e-05,9.978500747820362e-05,0.0
42,J_time_weather_causal,traffic_time_weather,36,0.0,1,0,9.973724081646651e-05,1.4551915228366852e-11,9.973725536838174e-05,9.973725536838174e-05,9.973725536838174e-05,9.973725536838174e-05,9.973725536838174e-05,9.973725536838174e-05,9.973725536838174e-05,0.0
42,J_time_weather_causal,traffic_time_weather,36,0.0,0,1,9.978501475416124e-05,7.275957614183426e-12,9.978500747820362e-05,9.978500747820362e-05,9.978500747820362e-05,9.978500747820362e-05,9.978500747820362e-05,9.978500747820362e-05,9.978500747820362e-05,0.0
42,J_time_weather_causal,traffic_time_weather,36,0.0,1,1,9.973724081646651e-05,1.4551915228366852e-11,9.973725536838174e-05,9.973725536838174e-05,9.973725536838174e-05,9.973725536838174e-05,9.973725536838174e-05,9.973725536838174e-05,9.973725536838174e-05,0.0
42,J_time_weather_causal,traffic_time_weather,36,0.0,0,2,9.978501475416124e-05,7.275957614183426e-12,9.978500747820362e-05,9.978500747820362e-05,9.978500747820362e-05,9.978500747820362e-05,9.978500747820362e-05,9.978500747820362e-05,9.978500747820362e-05,0.0
42,J_time_weather_causal,traffic_time_weather,36,0.0,1,2,9.973724081646651e-05,1.4551915228366852e-11,9.973725536838174e-05,9.973725536838174e-05,9.973725536838174e-05,9.973725536838174e-05,9.973725536838174e-05,9.973725536838174e-05,9.973725536838174e-05,0.0
42,J_time_weather_causal,traffic_time_weather,36,0.0,0,3,9.978501475416124e-05,7.275957614183426e-12,9.978500747820362e-05,9.978500747820362e-05,9.978500747820362e-05,9.978500747820362e-05,9.978500747820362e-05,9.978500747820362e-05,9.978500747820362e-05,0.0
42,J_time_weather_causal,traffic_time_weather,36,0.0,1,3,9.973724081646651e-05,1.4551915228366852e-11,9.973725536838174e-05,9.973725536838174e-05,9.973725536838174e-05,9.973725536838174e-05,9.973725536838174e-05,9.973725536838174e-05,9.973725536838174e-05,0.0
63,C_traffic_time_query,traffic_time_weather_query,12,0.3,0,0,0.46938902139663696,0.14002195000648499,0.2835921049118042,0.3500690758228302,0.46606960892677307,0.5746068954467773,0.6608701348304749,0.22031185030937195,0.866254985332489,0.42996875
63,C_traffic_time_query,traffic_time_weather_query,12,0.3,1,0,0.39877402782440186,0.2419537901878357,0.10245335847139359,0.1584363728761673,0.37007349729537964,0.6391770839691162,0.7417343854904175,0.07465329766273499,0.8049144744873047,0.39125
63,C_traffic_time_query,traffic_time_weather_query,12,0.3,0,1,0.45710405707359314,0.1484352946281433,0.2633551061153412,0.3230530321598053,0.449650377035141,0.5837096571922302,0.6589536666870117,0.21556982398033142,0.8693313598632812,0.4065
63,C_traffic_time_query,traffic_time_weather_query,12,0.3,1,1,0.3962935209274292,0.23809882998466492,0.10217281430959702,0.16630390286445618,0.36248156428337097,0.6347134113311768,0.7376652956008911,0.07461496442556381,0.803187370300293,0.373875
63,C_traffic_time_query,traffic_time_weather_query,12,0.3,0,2,0.4946141242980957,0.13795709609985352,0.3176709711551666,0.3796321153640747,0.4949665069580078,0.6020408868789673,0.6748432517051697,0.22058802843093872,0.8675426244735718,0.48865625
63,C_traffic_time_query,traffic_time_weather_query,12,0.3,1,2,0.4118638336658478,0.2509823143482208,0.09933162480592728,0.1480308473110199,0.40732336044311523,0.6574523448944092,0.7562804222106934,0.07416970282793045,0.8036317825317383,0.41171875
63,C_traffic_time_query,traffic_time_weather_query,12,0.3,0,3,0.45151376724243164,0.13023236393928528,0.28228554129600525,0.3425077199935913,0.4461880326271057,0.5490474104881287,0.6309961676597595,0.22127407789230347,0.8633216619491577,0.3561875
63,C_traffic_time_query,traffic_time_weather_query,12,0.3,1,3,0.41091784834861755,0.2353965789079666,0.10976072400808334,0.18472744524478912,0.3882800340652466,0.6392126083374023,0.7404472231864929,0.075531966984272,0.8038157224655151,0.4005
63,C_traffic_time_query,traffic_time_weather_query,36,0.7,0,0,0.4063265323638916,0.2048778235912323,0.1905519813299179,0.25622186064720154,0.3562111258506775,0.4740248918533325,0.7696870565414429,0.1275465190410614,0.9463872313499451,0.2264375
63,C_traffic_time_query,traffic_time_weather_query,36,0.7,1,0,0.3571901023387909,0.20297837257385254,0.1017920970916748,0.16382302343845367,0.33752506971359253,0.5484740734100342,0.6423864960670471,0.05939890444278717,0.7571346163749695,0.30778125
63,C_traffic_time_query,traffic_time_weather_query,36,0.7,0,1,0.4609239995479584,0.1967530995607376,0.25683292746543884,0.3159462809562683,0.41393816471099854,0.5405124425888062,0.807180643081665,0.15071707963943481,0.9477528929710388,0.274125
63,C_traffic_time_query,traffic_time_weather_query,36,0.7,1,1,0.338737428188324,0.18880407512187958,0.10006671398878098,0.17049023509025574,0.3120219111442566,0.5036444067955017,0.6228854060173035,0.05852812901139259,0.7503854036331177,0.2538125
63,C_traffic_time_query,traffic_time_weather_query,36,0.7,0,2,0.42317625880241394,0.19944466650485992,0.19652202725410461,0.28672856092453003,0.3785942494869232,0.5014113783836365,0.7522596120834351,0.12496993690729141,0.9405956268310547,0.25059375
63,C_traffic_time_query,traffic_time_weather_query,36,0.7,1,2,0.33591797947883606,0.20270004868507385,0.08694881200790405,0.14252343773841858,0.30917713046073914,0.524914562702179,0.6339465379714966,0.054653897881507874,0.7418492436408997,0.275625
63,C_traffic_time_query,traffic_time_weather_query,36,0.7,0,3,0.41376349329948425,0.19056436419487,0.21554408967494965,0.2729235291481018,0.3797006607055664,0.4710560441017151,0.753208577632904,0.1374959498643875,0.9486071467399597,0.20865625
63,C_traffic_time_query,traffic_time_weather_query,36,0.7,1,3,0.36457446217536926,0.19379347562789917,0.11481848359107971,0.18547935783863068,0.3483763039112091,0.543254017829895,0.6388841271400452,0.06272312998771667,0.7446244359016418,0.30571875
63,D_traffic_causal,traffic_only,12,0.5,0,0,0.47950664162635803,0.07878509163856506,0.3855138123035431,0.4076843559741974,0.47230082750320435,0.535463809967041,0.5852442383766174,0.36819905042648315,0.6733616590499878,0.4076875
63,D_traffic_causal,traffic_only,12,0.5,1,0,0.38466382026672363,0.18050502240657806,0.15616489946842194,0.2012232393026352,0.3792799711227417,0.5624539256095886,0.6419944763183594,0.12579388916492462,0.6911891102790833,0.33903125
63,D_traffic_causal,traffic_only,12,0.5,0,1,0.4756356179714203,0.07832639664411545,0.38359203934669495,0.40270739793777466,0.4651501476764679,0.5346387624740601,0.5816561579704285,0.3675900101661682,0.6702905893325806,0.38384375
63,D_traffic_causal,traffic_only,12,0.5,1,1,0.38317304849624634,0.1836107075214386,0.15294884145259857,0.1968209147453308,0.37400445342063904,0.5629980564117432,0.646164059638977,0.12467512488365173,0.6951583623886108,0.3383125
63,D_traffic_causal,traffic_only,12,0.5,0,2,0.47649863362312317,0.07870927453041077,0.38324129581451416,0.40254536271095276,0.4674021005630493,0.5379964709281921,0.5799687504768372,0.3680611550807953,0.6732425689697266,0.398125
63,D_traffic_causal,traffic_only,12,0.5,1,2,0.3866586983203888,0.18956074118614197,0.15437419712543488,0.2005331665277481,0.36153459548950195,0.5776991844177246,0.6552493572235107,0.12476456165313721,0.6980434060096741,0.35553125
63,D_traffic_causal,traffic_only,12,0.5,0,3,0.48239460587501526,0.07685066014528275,0.3864375650882721,0.41228461265563965,0.47991153597831726,0.5371262431144714,0.5812926292419434,0.36904940009117126,0.6722249388694763,0.419625
63,D_traffic_causal,traffic_only,12,0.5,1,3,0.38964173197746277,0.17618639767169952,0.15968121588230133,0.21581882238388062,0.3862912058830261,0.5570075511932373,0.6443857550621033,0.12605537474155426,0.6865564584732056,0.3284375
63,D_traffic_causal,traffic_only,36,0.7,0,0,0.3841567039489746,0.11321047693490982,0.23282869160175323,0.2568834125995636,0.41006433963775635,0.48902809619903564,0.5026864409446716,0.22053055465221405,0.548206090927124,0.115625
63,D_traffic_causal,traffic_only,36,0.7,1,0,0.4008655250072479,0.14648304879665375,0.1902521252632141,0.2562398314476013,0.4437863826751709,0.5136044025421143,0.5824142098426819,0.13167324662208557,0.7030967473983765,0.28553125
63,D_traffic_causal,traffic_only,36,0.7,0,1,0.3748551309108734,0.11440135538578033,0.2313212901353836,0.24641358852386475,0.3877445459365845,0.4870941638946533,0.4988512098789215,0.2208605706691742,0.547469437122345,0.094875
63,D_traffic_causal,traffic_only,36,0.7,1,1,0.40719544887542725,0.1464547961950302,0.18834146857261658,0.2660456597805023,0.46041035652160645,0.5129451751708984,0.5863893032073975,0.1301083266735077,0.7078012824058533,0.2873125
63,D_traffic_causal,traffic_only,36,0.7,0,2,0.36794325709342957,0.11598705500364304,0.23025187849998474,0.24163849651813507,0.36685311794281006,0.48716846108436584,0.49644526839256287,0.2203686535358429,0.5481335520744324,0.083125
63,D_traffic_causal,traffic_only,36,0.7,1,2,0.4152950644493103,0.1486928015947342,0.19326689839363098,0.2709239423274994,0.4685720205307007,0.5309591889381409,0.5943721532821655,0.13050740957260132,0.7106515169143677,0.31946875
63,D_traffic_causal,traffic_only,36,0.7,0,3,0.37503382563591003,0.10838137567043304,0.23270061612129211,0.25985658168792725,0.3799155056476593,0.4861806333065033,0.49794062972068787,0.2206733077764511,0.5459524989128113,0.08953125
63,D_traffic_causal,traffic_only,36,0.7,1,3,0.41118136048316956,0.14255443215370178,0.19395047426223755,0.28012579679489136,0.4574532210826874,0.5184136629104614,0.5866347551345825,0.13214944303035736,0.7058209776878357,0.30559375
63,E_traffic_time_causal,traffic_time,12,0.9,0,0,0.4468906819820404,0.1312118023633957,0.28220394253730774,0.3585480749607086,0.43239685893058777,0.519519567489624,0.6330658793449402,0.19926968216896057,0.8508899211883545,0.326125
63,E_traffic_time_causal,traffic_time,12,0.9,1,0,0.40605825185775757,0.2507537603378296,0.06789296120405197,0.14998020231723785,0.4095839560031891,0.6404251456260681,0.7430434823036194,0.041381314396858215,0.8326921463012695,0.41221875
63,E_traffic_time_causal,traffic_time,12,0.9,0,1,0.4510037899017334,0.14005586504936218,0.2906525433063507,0.32855507731437683,0.43799787759780884,0.5362083911895752,0.6589187979698181,0.2280428260564804,0.8548709154129028,0.367625
63,E_traffic_time_causal,traffic_time,12,0.9,1,1,0.40885287523269653,0.2496912181377411,0.06515256315469742,0.1662401556968689,0.40489813685417175,0.6394217610359192,0.7448108196258545,0.03925389423966408,0.8457851409912109,0.40475
63,E_traffic_time_causal,traffic_time,12,0.9,0,2,0.37554261088371277,0.10391894727945328,0.2711218595504761,0.30682751536369324,0.35422471165657043,0.4118101894855499,0.5086697936058044,0.21344777941703796,0.8018437623977661,0.10853125
63,E_traffic_time_causal,traffic_time,12,0.9,1,2,0.44290900230407715,0.25593870878219604,0.0865163654088974,0.1927766501903534,0.4650391936302185,0.6872135400772095,0.7757327556610107,0.03959393873810768,0.8437215089797974,0.46928125
63,E_traffic_time_causal,traffic_time,12,0.9,0,3,0.4528615176677704,0.13006475567817688,0.3054203689098358,0.35545212030410767,0.4425625205039978,0.5239817500114441,0.630881667137146,0.1854991614818573,0.8527828454971313,0.34384375
63,E_traffic_time_causal,traffic_time,12,0.9,1,3,0.4210357069969177,0.2456747442483902,0.0743941143155098,0.17910727858543396,0.43700599670410156,0.6415137648582458,0.7436011433601379,0.041777659207582474,0.8391032814979553,0.43471875
63,E_traffic_time_causal,traffic_time,36,0.7,0,0,0.5083516836166382,0.167592391371727,0.2619611620903015,0.3364252746105194,0.5683980584144592,0.6684854030609131,0.6848384737968445,0.19487804174423218,0.7009935975074768,0.57571875
63,E_traffic_time_causal,traffic_time,36,0.7,1,0,0.4123818278312683,0.17459528148174286,0.17465601861476898,0.25870367884635925,0.4031664729118347,0.579572319984436,0.6439292430877686,0.11856475472450256,0.7338730692863464,0.36709375
63,E_traffic_time_causal,traffic_time,36,0.7,0,1,0.5005546808242798,0.16680878400802612,0.2648662030696869,0.32475119829177856,0.5556029677391052,0.6536070704460144,0.6832017302513123,0.18899664282798767,0.7023950219154358,0.56475
63,E_traffic_time_causal,traffic_time,36,0.7,1,1,0.42721453309059143,0.16616486012935638,0.19482110440731049,0.28669309616088867,0.4210798740386963,0.5877515077590942,0.6425705552101135,0.12563273310661316,0.7336364388465881,0.390375
63,E_traffic_time_causal,traffic_time,36,0.7,0,2,0.5182893872261047,0.16585947573184967,0.28153344988822937,0.3415679335594177,0.5880088210105896,0.6763365864753723,0.6890130043029785,0.21322543919086456,0.7036441564559937,0.576875
63,E_traffic_time_causal,traffic_time,36,0.7,1,2,0.416056752204895,0.17940542101860046,0.17517544329166412,0.26480215787887573,0.3884756863117218,0.5924400091171265,0.6641181707382202,0.11719704419374466,0.735872745513916,0.3678125
63,E_traffic_time_causal,traffic_time,36,0.7,0,3,0.5327648520469666,0.1573307365179062,0.2786477506160736,0.3931526243686676,0.6041594743728638,0.6702250242233276,0.6839600205421448,0.1889273226261139,0.701130747795105,0.64515625
63,E_traffic_time_causal,traffic_time,36,0.7,1,3,0.40121451020240784,0.16807135939598083,0.1741258054971695,0.2591446042060852,0.3860832452774048,0.5585416555404663,0.633371114730835,0.11408568173646927,0.7387904524803162,0.3303125
63,H_time_query_causal,traffic_time_query,12,0.7,0,0,0.4831753671169281,0.1998448222875595,0.20861150324344635,0.32754138112068176,0.4832681715488434,0.6182523965835571,0.7824079394340515,0.046414121985435486,0.8871506452560425,0.47659375
63,H_time_query_causal,traffic_time_query,12,0.7,1,0,0.41644933819770813,0.24048958718776703,0.11452389508485794,0.1801176220178604,0.38856905698776245,0.6562866568565369,0.749783992767334,0.0701301321387291,0.8540835380554199,0.40796875
63,H_time_query_causal,traffic_time_query,12,0.7,0,1,0.5569122433662415,0.18730728328227997,0.2851336896419525,0.4081893563270569,0.5900052785873413,0.7158555388450623,0.7953956127166748,0.06254839152097702,0.8882050514221191,0.632125
63,H_time_query_causal,traffic_time_query,12,0.7,1,1,0.4099791347980499,0.2352655977010727,0.11151274293661118,0.18079806864261627,0.39069974422454834,0.6315709352493286,0.7400620579719543,0.06721565127372742,0.8485126495361328,0.3983125
63,H_time_query_causal,traffic_time_query,12,0.7,0,2,0.498963326215744,0.17671048641204834,0.2369774878025055,0.3679838478565216,0.5244659781455994,0.6333845853805542,0.7168713808059692,0.05527310445904732,0.8568910956382751,0.5375
63,H_time_query_causal,traffic_time_query,12,0.7,1,2,0.40274035930633545,0.25002726912498474,0.10015666484832764,0.15838521718978882,0.3528791666030884,0.6651028394699097,0.7557847499847412,0.06659554690122604,0.8524573445320129,0.37934375
63,H_time_query_causal,traffic_time_query,12,0.7,0,3,0.5155757069587708,0.18711164593696594,0.25475355982780457,0.3704585134983063,0.5301729440689087,0.6347406506538391,0.7921618223190308,0.06066509336233139,0.8909378051757812,0.54525
63,H_time_query_causal,traffic_time_query,12,0.7,1,3,0.4010925590991974,0.22798281908035278,0.11310692131519318,0.18066631257534027,0.37472155690193176,0.6153382658958435,0.7253628373146057,0.0714232474565506,0.8462926149368286,0.3773125
63,H_time_query_causal,traffic_time_query,36,0.5,0,0,0.5019422173500061,0.18680232763290405,0.1947437822818756,0.40409258008003235,0.5241146087646484,0.6431117057800293,0.7258120775222778,0.09876653552055359,0.9157662987709045,0.5515625
63,H_time_query_causal,traffic_time_query,36,0.5,1,0,0.3586476147174835,0.18289777636528015,0.11554450541734695,0.18593457341194153,0.352161169052124,0.523016631603241,0.6106622219085693,0.0650731772184372,0.7469759583473206,0.283875
63,H_time_query_causal,traffic_time_query,36,0.5,0,1,0.5588010549545288,0.21227310597896576,0.216949000954628,0.4268021881580353,0.5896176099777222,0.7387179136276245,0.8112406730651855,0.1061105951666832,0.91075199842453,0.63475
63,H_time_query_causal,traffic_time_query,36,0.5,1,1,0.33936357498168945,0.16997945308685303,0.11716008931398392,0.18737000226974487,0.3271103501319885,0.4826076924800873,0.5810528993606567,0.06468316167593002,0.7418389916419983,0.22678125
63,H_time_query_causal,traffic_time_query,36,0.5,0,2,0.5536039471626282,0.21279633045196533,0.2154194712638855,0.4267643988132477,0.5832183361053467,0.7303034663200378,0.8089089393615723,0.09783025085926056,0.904550313949585,0.6469375
63,H_time_query_causal,traffic_time_query,36,0.5,1,2,0.3505104184150696,0.18576088547706604,0.10204406082630157,0.17179667949676514,0.35660484433174133,0.5096002817153931,0.6099027395248413,0.06361524015665054,0.7277181148529053,0.26121875
63,H_time_query_causal,traffic_time_query,36,0.5,0,3,0.5125378370285034,0.17884418368339539,0.22365424036979675,0.4210706353187561,0.5262964367866516,0.6465742588043213,0.7327191233634949,0.09978978335857391,0.9064239263534546,0.56546875
63,H_time_query_causal,traffic_time_query,36,0.5,1,3,0.3664455711841583,0.1750316321849823,0.12571001052856445,0.2112284004688263,0.3655531406402588,0.5221861600875854,0.6057671904563904,0.06266617774963379,0.7285959124565125,0.28528125
63,J_time_weather_causal,traffic_time_weather,12,1.0,0,0,0.9998999238014221,1.7881393432617188e-07,0.9999001026153564,0.9999001026153564,0.9999001026153564,0.9999001026153564,0.9999001026153564,0.9999001026153564,0.9999001026153564,1.0
63,J_time_weather_causal,traffic_time_weather,12,1.0,1,0,0.9999001622200012,5.960464477539063e-08,0.999900221824646,0.999900221824646,0.999900221824646,0.999900221824646,0.999900221824646,0.999900221824646,0.999900221824646,1.0
63,J_time_weather_causal,traffic_time_weather,12,1.0,0,1,0.9998999238014221,1.7881393432617188e-07,0.9999001026153564,0.9999001026153564,0.9999001026153564,0.9999001026153564,0.9999001026153564,0.9999001026153564,0.9999001026153564,1.0
63,J_time_weather_causal,traffic_time_weather,12,1.0,1,1,0.9999001622200012,5.960464477539063e-08,0.999900221824646,0.999900221824646,0.999900221824646,0.999900221824646,0.999900221824646,0.999900221824646,0.999900221824646,1.0
63,J_time_weather_causal,traffic_time_weather,12,1.0,0,2,0.9998999238014221,1.7881393432617188e-07,0.9999001026153564,0.9999001026153564,0.9999001026153564,0.9999001026153564,0.9999001026153564,0.9999001026153564,0.9999001026153564,1.0
63,J_time_weather_causal,traffic_time_weather,12,1.0,1,2,0.9999001622200012,5.960464477539063e-08,0.999900221824646,0.999900221824646,0.999900221824646,0.999900221824646,0.999900221824646,0.999900221824646,0.999900221824646,1.0
63,J_time_weather_causal,traffic_time_weather,12,1.0,0,3,0.9998999238014221,1.7881393432617188e-07,0.9999001026153564,0.9999001026153564,0.9999001026153564,0.9999001026153564,0.9999001026153564,0.9999001026153564,0.9999001026153564,1.0
63,J_time_weather_causal,traffic_time_weather,12,1.0,1,3,0.9999001622200012,5.960464477539063e-08,0.999900221824646,0.999900221824646,0.999900221824646,0.999900221824646,0.999900221824646,0.999900221824646,0.999900221824646,1.0
63,J_time_weather_causal,traffic_time_weather,36,0.7,0,0,0.3811272084712982,0.16817496716976166,0.18247662484645844,0.2099592536687851,0.3769243061542511,0.514978289604187,0.6254965662956238,0.1721765398979187,0.7397680282592773,0.27465625
63,J_time_weather_causal,traffic_time_weather,36,0.7,1,0,0.4322921633720398,0.210071861743927,0.12893207371234894,0.23270858824253082,0.4610598385334015,0.60633784532547,0.7166641354560852,0.08495667576789856,0.7971154451370239,0.43315625
63,J_time_weather_causal,traffic_time_weather,36,0.7,0,1,0.4052433967590332,0.16925770044326782,0.19759196043014526,0.22851581871509552,0.39856141805648804,0.5479638576507568,0.6566112637519836,0.17823512852191925,0.7321640253067017,0.33590625
63,J_time_weather_causal,traffic_time_weather,36,0.7,1,1,0.4121968448162079,0.20539692044258118,0.12486625462770462,0.20922733843326569,0.43873822689056396,0.5812875628471375,0.6910108327865601,0.07884880900382996,0.79796302318573,0.3908125
63,J_time_weather_causal,traffic_time_weather,36,0.7,0,2,0.41346475481987,0.18962998688220978,0.18662865459918976,0.21636608242988586,0.3995778560638428,0.590183436870575,0.6820199489593506,0.17588180303573608,0.7324677109718323,0.38665625
63,J_time_weather_causal,traffic_time_weather,36,0.7,1,2,0.4292433559894562,0.21492710709571838,0.11892881244421005,0.2105819284915924,0.47106844186782837,0.5999933481216431,0.7157911658287048,0.08035153150558472,0.802977442741394,0.450125
63,J_time_weather_causal,traffic_time_weather,36,0.7,0,3,0.3700915575027466,0.162580206990242,0.18512384593486786,0.20835939049720764,0.35381147265434265,0.5058230757713318,0.5971135497093201,0.16704410314559937,0.7428183555603027,0.25809375
63,J_time_weather_causal,traffic_time_weather,36,0.7,1,3,0.44580063223838806,0.20316268503665924,0.14643016457557678,0.2626703977584839,0.47410327196121216,0.6055693626403809,0.7211310267448425,0.08414985984563828,0.7933225035667419,0.4431875
84,C_traffic_time_query,traffic_time_weather_query,12,0.3,0,0,0.5836111307144165,0.15227845311164856,0.3887667953968048,0.4488915205001831,0.5826956033706665,0.7062962055206299,0.7998359203338623,0.1385178565979004,0.8785364627838135,0.65071875
84,C_traffic_time_query,traffic_time_weather_query,12,0.3,1,0,0.4437333643436432,0.24087107181549072,0.1377234309911728,0.20255133509635925,0.4250575304031372,0.6814036965370178,0.7757534384727478,0.09379100054502487,0.8847920298576355,0.43346875
84,C_traffic_time_query,traffic_time_weather_query,12,0.3,0,1,0.6326685547828674,0.14025819301605225,0.4167860448360443,0.5314540266990662,0.6541516780853271,0.7470901608467102,0.8041646480560303,0.13507993519306183,0.874441921710968,0.79365625
84,C_traffic_time_query,traffic_time_weather_query,12,0.3,1,1,0.45003172755241394,0.2408539354801178,0.13614590466022491,0.21426531672477722,0.43448513746261597,0.6846956610679626,0.7816572785377502,0.09184277057647705,0.8837045431137085,0.43465625
84,C_traffic_time_query,traffic_time_weather_query,12,0.3,0,2,0.57502681016922,0.13853000104427338,0.391156941652298,0.45223692059516907,0.5913589596748352,0.6843106746673584,0.7491685152053833,0.14050106704235077,0.8629226088523865,0.66134375
84,C_traffic_time_query,traffic_time_weather_query,12,0.3,1,2,0.45064279437065125,0.2522796392440796,0.12958331406116486,0.18946070969104767,0.4395916163921356,0.6960106492042542,0.7952335476875305,0.09011366963386536,0.8871555924415588,0.4454375
84,C_traffic_time_query,traffic_time_weather_query,12,0.3,0,3,0.5917888283729553,0.1511332392692566,0.3947077989578247,0.46252062916755676,0.5947611331939697,0.7145528197288513,0.7981383800506592,0.12381957471370697,0.8773568272590637,0.6814375
84,C_traffic_time_query,traffic_time_weather_query,12,0.3,1,3,0.4269813597202301,0.23126673698425293,0.13252894580364227,0.1990247517824173,0.4092024862766266,0.6363950371742249,0.756080687046051,0.09480602294206619,0.8860778212547302,0.4034375
84,C_traffic_time_query,traffic_time_weather_query,36,0.7,0,0,0.3976089060306549,0.13755767047405243,0.27025309205055237,0.3061419129371643,0.3526292145252228,0.45566797256469727,0.6096895337104797,0.15437105298042297,0.887529730796814,0.19928125
84,C_traffic_time_query,traffic_time_weather_query,36,0.7,1,0,0.35197052359580994,0.19335851073265076,0.10397930443286896,0.16416946053504944,0.3362245261669159,0.5312657356262207,0.6287375092506409,0.06588619947433472,0.7238664031028748,0.29625
84,C_traffic_time_query,traffic_time_weather_query,36,0.7,0,1,0.4500725269317627,0.15709786117076874,0.28467968106269836,0.32855889201164246,0.3955534100532532,0.5581015348434448,0.6773063540458679,0.2363436073064804,0.8999016880989075,0.3208125
84,C_traffic_time_query,traffic_time_weather_query,36,0.7,1,1,0.3305288553237915,0.18291698396205902,0.10306409746408463,0.1562223881483078,0.3098689913749695,0.4947882890701294,0.5933404564857483,0.06753149628639221,0.7238237261772156,0.24465625
84,C_traffic_time_query,traffic_time_weather_query,36,0.7,0,2,0.3997463583946228,0.14192655682563782,0.2614688575267792,0.2930518388748169,0.34813469648361206,0.4820931553840637,0.6225922107696533,0.18202361464500427,0.8630038499832153,0.23275
84,C_traffic_time_query,traffic_time_weather_query,36,0.7,1,2,0.34813767671585083,0.19468912482261658,0.09523594379425049,0.14948144555091858,0.3544136881828308,0.5235587954521179,0.6162096261978149,0.06385208666324615,0.7142078876495361,0.2825625
84,C_traffic_time_query,traffic_time_weather_query,36,0.7,0,3,0.39880314469337463,0.13866181671619415,0.2716013491153717,0.3067470192909241,0.3521440327167511,0.4492829442024231,0.6241699457168579,0.21104256808757782,0.8991352319717407,0.1981875
84,C_traffic_time_query,traffic_time_weather_query,36,0.7,1,3,0.35768967866897583,0.18368804454803467,0.11065321415662766,0.18896985054016113,0.352444589138031,0.5232864022254944,0.6176149249076843,0.06554646044969559,0.6981379389762878,0.28440625
84,D_traffic_causal,traffic_only,12,0.9,0,0,0.441848486661911,0.24851733446121216,0.15464076399803162,0.2089107632637024,0.371856689453125,0.6932209730148315,0.8069546222686768,0.11912249773740768,0.8826195597648621,0.40115625
84,D_traffic_causal,traffic_only,12,0.9,1,0,0.32689788937568665,0.14729295670986176,0.13030856847763062,0.1949690580368042,0.3185204863548279,0.4490175247192383,0.5314560532569885,0.0811297670006752,0.7009139060974121,0.15928125
84,D_traffic_causal,traffic_only,12,0.9,0,1,0.4438450038433075,0.2520170211791992,0.1493569016456604,0.19846953451633453,0.38530489802360535,0.6950762867927551,0.8144855499267578,0.11967141181230545,0.882358968257904,0.41196875
84,D_traffic_causal,traffic_only,12,0.9,1,1,0.3201897442340851,0.1461823284626007,0.12633253633975983,0.18666541576385498,0.3129671812057495,0.43892279267311096,0.5243663787841797,0.07757239788770676,0.7069607973098755,0.14225
84,D_traffic_causal,traffic_only,12,0.9,0,2,0.4525519907474518,0.25967836380004883,0.1460489183664322,0.1996765285730362,0.3906799256801605,0.7273024320602417,0.8251307606697083,0.11943788081407547,0.8804429769515991,0.41796875
84,D_traffic_causal,traffic_only,12,0.9,1,2,0.32697248458862305,0.1568022519350052,0.12086370587348938,0.18008635938167572,0.3203243017196655,0.45425888895988464,0.5526723265647888,0.07848135381937027,0.729498028755188,0.18365625
84,D_traffic_causal,traffic_only,12,0.9,0,3,0.4814506769180298,0.2511497437953949,0.1607125848531723,0.23349972069263458,0.4692634046077728,0.7302803993225098,0.8234119415283203,0.11719193309545517,0.8829025626182556,0.477875
84,D_traffic_causal,traffic_only,12,0.9,1,3,0.3294801712036133,0.14543092250823975,0.136318176984787,0.20090068876743317,0.3233274519443512,0.4455406665802002,0.531608521938324,0.07900959998369217,0.7620657086372375,0.1535
84,D_traffic_causal,traffic_only,36,0.5,0,0,0.5122890472412109,0.17439524829387665,0.2589040994644165,0.36458176374435425,0.5080236196517944,0.6761656403541565,0.7424118518829346,0.20867960155010223,0.7603626847267151,0.5099375
84,D_traffic_causal,traffic_only,36,0.5,1,0,0.37606561183929443,0.13954879343509674,0.1802455484867096,0.23906302452087402,0.4014013111591339,0.48473864793777466,0.5564244389533997,0.12635567784309387,0.641350269317627,0.20578125
84,D_traffic_causal,traffic_only,36,0.5,0,1,0.5297197103500366,0.17166396975517273,0.2674592435359955,0.3967631161212921,0.5435875058174133,0.6957739591598511,0.7444776296615601,0.20868192613124847,0.7603330016136169,0.55103125
84,D_traffic_causal,traffic_only,36,0.5,1,1,0.38204580545425415,0.13909736275672913,0.18084171414375305,0.2512412667274475,0.41167688369750977,0.48439744114875793,0.563809335231781,0.11837035417556763,0.6371475458145142,0.2025
84,D_traffic_causal,traffic_only,36,0.5,0,2,0.5361229181289673,0.1761888861656189,0.2662658989429474,0.3921924829483032,0.5677988529205322,0.7078032493591309,0.7488005757331848,0.20762567222118378,0.7601186633110046,0.56459375
84,D_traffic_causal,traffic_only,36,0.5,1,2,0.38796892762184143,0.14367876946926117,0.17635448276996613,0.2489732950925827,0.42374879121780396,0.4918253421783447,0.5755531787872314,0.12877632677555084,0.6362268924713135,0.2323125
84,D_traffic_causal,traffic_only,36,0.5,0,3,0.5277306437492371,0.16926176846027374,0.2694985568523407,0.39186206459999084,0.546285092830658,0.687996506690979,0.742775559425354,0.21082337200641632,0.7596063613891602,0.56425
84,D_traffic_causal,traffic_only,36,0.5,1,3,0.38512277603149414,0.13474030792713165,0.18973161280155182,0.2628467082977295,0.40929168462753296,0.48613888025283813,0.5618633031845093,0.13339471817016602,0.6335141658782959,0.2096875
84,E_traffic_time_causal,traffic_time,12,1.0,0,0,0.9999001622200012,5.960464477539063e-08,0.999900221824646,0.999900221824646,0.999900221824646,0.999900221824646,0.999900221824646,0.999900221824646,0.999900221824646,1.0
84,E_traffic_time_causal,traffic_time,12,1.0,1,0,0.9998999238014221,5.960464477539063e-08,0.9998999834060669,0.9998999834060669,0.9998999834060669,0.9998999834060669,0.9998999834060669,0.9998999834060669,0.9998999834060669,1.0
84,E_traffic_time_causal,traffic_time,12,1.0,0,1,0.9999001622200012,5.960464477539063e-08,0.999900221824646,0.999900221824646,0.999900221824646,0.999900221824646,0.999900221824646,0.999900221824646,0.999900221824646,1.0
84,E_traffic_time_causal,traffic_time,12,1.0,1,1,0.9998999238014221,5.960464477539063e-08,0.9998999834060669,0.9998999834060669,0.9998999834060669,0.9998999834060669,0.9998999834060669,0.9998999834060669,0.9998999834060669,1.0
84,E_traffic_time_causal,traffic_time,12,1.0,0,2,0.9999001622200012,5.960464477539063e-08,0.999900221824646,0.999900221824646,0.999900221824646,0.999900221824646,0.999900221824646,0.999900221824646,0.999900221824646,1.0
84,E_traffic_time_causal,traffic_time,12,1.0,1,2,0.9998999238014221,5.960464477539063e-08,0.9998999834060669,0.9998999834060669,0.9998999834060669,0.9998999834060669,0.9998999834060669,0.9998999834060669,0.9998999834060669,1.0
84,E_traffic_time_causal,traffic_time,12,1.0,0,3,0.9999001622200012,5.960464477539063e-08,0.999900221824646,0.999900221824646,0.999900221824646,0.999900221824646,0.999900221824646,0.999900221824646,0.999900221824646,1.0
84,E_traffic_time_causal,traffic_time,12,1.0,1,3,0.9998999238014221,5.960464477539063e-08,0.9998999834060669,0.9998999834060669,0.9998999834060669,0.9998999834060669,0.9998999834060669,0.9998999834060669,0.9998999834060669,1.0
84,E_traffic_time_causal,traffic_time,36,0.7,0,0,0.5559741258621216,0.22061824798583984,0.26783040165901184,0.3284203112125397,0.5706596374511719,0.7887161374092102,0.8219491839408875,0.18133598566055298,0.8439217805862427,0.5655
84,E_traffic_time_causal,traffic_time,36,0.7,1,0,0.3340604901313782,0.17690671980381012,0.10362967103719711,0.1590762436389923,0.33233803510665894,0.4822521507740021,0.5840321183204651,0.06146911159157753,0.6695085167884827,0.21840625
84,E_traffic_time_causal,traffic_time,36,0.7,0,1,0.5897310972213745,0.21497701108455658,0.3017008900642395,0.35987338423728943,0.6070204973220825,0.8171898722648621,0.8377207517623901,0.21051181852817535,0.8527392745018005,0.6069375
84,E_traffic_time_causal,traffic_time,36,0.7,1,1,0.3385651409626007,0.18221165239810944,0.10734939575195312,0.16348984837532043,0.32300710678100586,0.4966515600681305,0.6085222363471985,0.062260352075099945,0.6677131056785583,0.2450625
84,E_traffic_time_causal,traffic_time,36,0.7,0,2,0.5738621354103088,0.23498819768428802,0.2515183389186859,0.33121371269226074,0.611701488494873,0.816780149936676,0.845444917678833,0.1870870590209961,0.8659902215003967,0.57753125
84,E_traffic_time_causal,traffic_time,36,0.7,1,2,0.3298676609992981,0.18141086399555206,0.09174150228500366,0.14797881245613098,0.32886430621147156,0.48377954959869385,0.5836731195449829,0.05733979120850563,0.6580821871757507,0.22271875
84,E_traffic_time_causal,traffic_time,36,0.7,0,3,0.5929234623908997,0.20546740293502808,0.2954704165458679,0.3855341374874115,0.628287136554718,0.7985111474990845,0.8280079960823059,0.19060903787612915,0.863213062286377,0.6483125
84,E_traffic_time_causal,traffic_time,36,0.7,1,3,0.32095685601234436,0.17471839487552643,0.1018257886171341,0.15129783749580383,0.3126554489135742,0.4610891342163086,0.5779935717582703,0.062116529792547226,0.6714299321174622,0.19046875
84,H_time_query_causal,traffic_time_query,12,0.0,0,0,9.983487689169124e-05,7.275957614183426e-12,9.983488416764885e-05,9.983488416764885e-05,9.983488416764885e-05,9.983488416764885e-05,9.983488416764885e-05,9.983488416764885e-05,9.983488416764885e-05,0.0
84,H_time_query_causal,traffic_time_query,12,0.0,1,0,9.98669711407274e-05,7.275957614183426e-12,9.986696386476979e-05,9.986696386476979e-05,9.986696386476979e-05,9.986696386476979e-05,9.986696386476979e-05,9.986696386476979e-05,9.986696386476979e-05,0.0
84,H_time_query_causal,traffic_time_query,12,0.0,0,1,9.983487689169124e-05,7.275957614183426e-12,9.983488416764885e-05,9.983488416764885e-05,9.983488416764885e-05,9.983488416764885e-05,9.983488416764885e-05,9.983488416764885e-05,9.983488416764885e-05,0.0
84,H_time_query_causal,traffic_time_query,12,0.0,1,1,9.98669711407274e-05,7.275957614183426e-12,9.986696386476979e-05,9.986696386476979e-05,9.986696386476979e-05,9.986696386476979e-05,9.986696386476979e-05,9.986696386476979e-05,9.986696386476979e-05,0.0
84,H_time_query_causal,traffic_time_query,12,0.0,0,2,9.983487689169124e-05,7.275957614183426e-12,9.983488416764885e-05,9.983488416764885e-05,9.983488416764885e-05,9.983488416764885e-05,9.983488416764885e-05,9.983488416764885e-05,9.983488416764885e-05,0.0
84,H_time_query_causal,traffic_time_query,12,0.0,1,2,9.98669711407274e-05,7.275957614183426e-12,9.986696386476979e-05,9.986696386476979e-05,9.986696386476979e-05,9.986696386476979e-05,9.986696386476979e-05,9.986696386476979e-05,9.986696386476979e-05,0.0
84,H_time_query_causal,traffic_time_query,12,0.0,0,3,9.983487689169124e-05,7.275957614183426e-12,9.983488416764885e-05,9.983488416764885e-05,9.983488416764885e-05,9.983488416764885e-05,9.983488416764885e-05,9.983488416764885e-05,9.983488416764885e-05,0.0
84,H_time_query_causal,traffic_time_query,12,0.0,1,3,9.98669711407274e-05,7.275957614183426e-12,9.986696386476979e-05,9.986696386476979e-05,9.986696386476979e-05,9.986696386476979e-05,9.986696386476979e-05,9.986696386476979e-05,9.986696386476979e-05,0.0
84,H_time_query_causal,traffic_time_query,36,0.9,0,0,0.32966741919517517,0.19993476569652557,0.14198501408100128,0.16500221192836761,0.2945847511291504,0.40477198362350464,0.5704689025878906,0.1138598769903183,0.9849557280540466,0.13453125
84,H_time_query_causal,traffic_time_query,36,0.9,1,0,0.35921525955200195,0.17628024518489838,0.12180661410093307,0.19533920288085938,0.3588833212852478,0.5043190717697144,0.594245195388794,0.05953129380941391,0.8394641876220703,0.2573125
84,H_time_query_causal,traffic_time_query,36,0.9,0,1,0.33540186285972595,0.19852006435394287,0.140480637550354,0.16830334067344666,0.3011927008628845,0.42146992683410645,0.568949818611145,0.1132049486041069,0.9842476844787598,0.1415625
84,H_time_query_causal,traffic_time_query,36,0.9,1,1,0.3257432281970978,0.16359461843967438,0.10675859451293945,0.1724216490983963,0.32909464836120605,0.4548894464969635,0.5436787009239197,0.05923711135983467,0.8024402856826782,0.171
84,H_time_query_causal,traffic_time_query,36,0.9,0,2,0.3147282004356384,0.19519896805286407,0.12658031284809113,0.15026125311851501,0.28121113777160645,0.3938300907611847,0.5618248581886292,0.10942316055297852,0.9838011860847473,0.12821875
84,H_time_query_causal,traffic_time_query,36,0.9,1,2,0.3523164987564087,0.18232068419456482,0.1037503331899643,0.18011078238487244,0.3617095947265625,0.5040140151977539,0.5897950530052185,0.05622943863272667,0.820591151714325,0.25609375
84,H_time_query_causal,traffic_time_query,36,0.9,0,3,0.3070770800113678,0.18576669692993164,0.14319837093353271,0.1637895703315735,0.2502479553222656,0.38499775528907776,0.5116681456565857,0.1128883883357048,0.9840604066848755,0.1111875
84,H_time_query_causal,traffic_time_query,36,0.9,1,3,0.3569585680961609,0.16448652744293213,0.12842002511024475,0.21264846622943878,0.3631417751312256,0.485946923494339,0.5734771490097046,0.06140696629881859,0.8264584541320801,0.2256875
84,J_time_weather_causal,traffic_time_weather,12,0.5,0,0,0.5870466828346252,0.10831093788146973,0.4192964434623718,0.5243348479270935,0.6015392541885376,0.6632378101348877,0.7201374173164368,0.317069947719574,0.7845629453659058,0.79946875
84,J_time_weather_causal,traffic_time_weather,12,0.5,1,0,0.3904971182346344,0.2549440860748291,0.07425405830144882,0.13511539995670319,0.3702085614204407,0.623845636844635,0.7622529864311218,0.04337083175778389,0.8287051916122437,0.3861875
84,J_time_weather_causal,traffic_time_weather,12,0.5,0,1,0.6307205557823181,0.09893657267093658,0.4794841706752777,0.5698010921478271,0.6449722051620483,0.7125575542449951,0.7530009150505066,0.39203697443008423,0.7872273325920105,0.87465625
84,J_time_weather_causal,traffic_time_weather,12,0.5,1,1,0.3830156922340393,0.25019529461860657,0.07515312731266022,0.14007511734962463,0.35330983996391296,0.606948733329773,0.750680148601532,0.042617928236722946,0.8312104344367981,0.370375
84,J_time_weather_causal,traffic_time_weather,12,0.5,0,2,0.6001474261283875,0.13298745453357697,0.419297993183136,0.4771355986595154,0.6132364273071289,0.7284998893737793,0.7611985206604004,0.33858147263526917,0.7882106900215149,0.69959375
84,J_time_weather_causal,traffic_time_weather,12,0.5,1,2,0.40244871377944946,0.26861369609832764,0.06961425393819809,0.12786433100700378,0.3753429055213928,0.6602498292922974,0.7902286648750305,0.042365364730358124,0.8315091729164124,0.39390625
84,J_time_weather_causal,traffic_time_weather,12,0.5,0,3,0.606156587600708,0.09892252087593079,0.4628152549266815,0.549408495426178,0.6234040856361389,0.6775386929512024,0.7214525938034058,0.32223907113075256,0.7849562764167786,0.85659375
84,J_time_weather_causal,traffic_time_weather,12,0.5,1,3,0.40306520462036133,0.24623727798461914,0.08834299445152283,0.16861502826213837,0.384379506111145,0.6220012903213501,0.7659164071083069,0.04138988256454468,0.829055905342102,0.38596875
84,J_time_weather_causal,traffic_time_weather,36,0.9,0,0,0.43897247314453125,0.19011147320270538,0.14452119171619415,0.29746705293655396,0.4489561915397644,0.6011295318603516,0.6860538721084595,0.08381510525941849,0.8359871506690979,0.4305
84,J_time_weather_causal,traffic_time_weather,36,0.9,1,0,0.30224958062171936,0.2360665649175644,0.050011105835437775,0.08265487104654312,0.23178429901599884,0.5053800344467163,0.6830123066902161,0.03220490366220474,0.8223744034767151,0.253375
84,J_time_weather_causal,traffic_time_weather,36,0.9,0,1,0.5126951336860657,0.15735146403312683,0.27941641211509705,0.3794045150279999,0.5250408053398132,0.6592745184898376,0.7010303139686584,0.1603614240884781,0.8175747394561768,0.54265625
84,J_time_weather_causal,traffic_time_weather,36,0.9,1,1,0.33486971259117126,0.23867638409137726,0.05391910672187805,0.1133793294429779,0.2683373689651489,0.5568835735321045,0.6954023838043213,0.03348661586642265,0.835421621799469,0.29603125
84,J_time_weather_causal,traffic_time_weather,36,0.9,0,2,0.42771196365356445,0.18786679208278656,0.16349884867668152,0.26693883538246155,0.4216095209121704,0.6092975735664368,0.6717661023139954,0.09998051077127457,0.814647376537323,0.4135625
84,J_time_weather_causal,traffic_time_weather,36,0.9,1,2,0.32445579767227173,0.25328975915908813,0.05340993404388428,0.09695100039243698,0.23223984241485596,0.572822093963623,0.7195309996604919,0.03532858565449715,0.8324849009513855,0.295375
84,J_time_weather_causal,traffic_time_weather,36,0.9,0,3,0.466569185256958,0.18174749612808228,0.18918263912200928,0.3317226767539978,0.48482546210289,0.6217671632766724,0.7016851902008057,0.07989501953125,0.8097065091133118,0.47325
84,J_time_weather_causal,traffic_time_weather,36,0.9,1,3,0.29703181982040405,0.22845810651779175,0.05068418011069298,0.09077402204275131,0.23120340704917908,0.48183518648147583,0.6736306548118591,0.03014407865703106,0.8247063755989075,0.2381875
