scenario,group,step,horizon_minutes,y_true_mean,dynamic_factual_mean,dynamic_cf_mean,dynamic_delta_mean,static_factual_mean,static_cf_mean,static_delta_mean
query_shock,treated,1,15,31.37727165222168,31.94159698486328,32.004913330078125,0.06331419944763184,31.277185440063477,31.277843475341797,0.0006563663482666016
query_shock,treated,2,30,30.62605094909668,31.517353057861328,31.57140350341797,0.05405020713806152,31.12141227722168,31.106449127197266,-0.014961481094360352
query_shock,treated,3,45,32.36762619018555,31.39313316345215,31.450326919555664,0.05719470977783203,30.971668243408203,30.962228775024414,-0.009442329406738281
query_shock,treated,4,60,31.71463394165039,31.12432098388672,31.17825698852539,0.05393671989440918,30.912166595458984,30.9119930267334,-0.00017452239990234375
query_shock,treated,5,75,30.27269744873047,30.96687126159668,31.01366424560547,0.04679226875305176,30.86159896850586,30.847501754760742,-0.01409912109375
query_shock,treated,6,90,31.137859344482422,30.966617584228516,31.016347885131836,0.04972982406616211,30.823781967163086,30.817941665649414,-0.0058405399322509766
query_shock,treated,7,105,31.415185928344727,30.801517486572266,30.849754333496094,0.04823803901672363,30.758712768554688,30.76178550720215,0.003072023391723633
query_shock,treated,8,120,29.70974349975586,30.78271484375,30.83382797241211,0.05111217498779297,30.80588150024414,30.782337188720703,-0.023545503616333008
query_shock,treated,9,135,30.02606201171875,30.7971248626709,30.841751098632812,0.044625043869018555,30.846521377563477,30.85015106201172,0.003627777099609375
query_shock,treated,10,150,31.3929500579834,30.911436080932617,30.956809997558594,0.04537248611450195,30.869136810302734,30.879165649414062,0.010029077529907227
query_shock,treated,11,165,32.69892120361328,31.17702293395996,31.226909637451172,0.04988694190979004,31.024555206298828,31.00142478942871,-0.02313232421875
query_shock,treated,12,180,32.467803955078125,31.339099884033203,31.37594985961914,0.036847591400146484,31.238353729248047,31.234012603759766,-0.004340410232543945
query_shock,treated,13,195,31.933582305908203,31.576091766357422,31.618907928466797,0.042815208435058594,31.533859252929688,31.533727645874023,-0.00013136863708496094
query_shock,treated,14,210,32.126190185546875,31.859209060668945,31.90138053894043,0.04217100143432617,31.772994995117188,31.76274871826172,-0.010246753692626953
query_shock,treated,15,225,32.80322265625,32.00168991088867,32.03010559082031,0.02841639518737793,32.04207229614258,32.047637939453125,0.005568027496337891
query_shock,treated,16,240,34.29316329956055,32.23702621459961,32.268428802490234,0.031402587890625,32.33679962158203,32.33870315551758,0.0019006729125976562
query_shock,treated,17,255,35.730079650878906,32.733116149902344,32.77519607543945,0.042079925537109375,32.642520904541016,32.63738250732422,-0.005141019821166992
query_shock,treated,18,270,35.364662170410156,33.07467269897461,33.11552047729492,0.04084515571594238,32.96921157836914,32.960914611816406,-0.008294820785522461
query_shock,treated,19,285,33.25902557373047,33.51903533935547,33.559364318847656,0.04033207893371582,33.41410827636719,33.40949249267578,-0.004616260528564453
query_shock,treated,20,300,33.00138854980469,33.9461669921875,33.98234558105469,0.03617715835571289,33.81118392944336,33.809715270996094,-0.0014696121215820312
query_shock,treated,21,315,34.00834655761719,34.44771957397461,34.483909606933594,0.03618788719177246,34.187442779541016,34.178260803222656,-0.009180307388305664
query_shock,treated,22,330,35.46929931640625,35.056453704833984,35.09556198120117,0.03910660743713379,34.659507751464844,34.652191162109375,-0.007317781448364258
query_shock,treated,23,345,34.34074401855469,35.68169403076172,35.724586486816406,0.0428922176361084,35.187225341796875,35.19063949584961,0.0034139156341552734
query_shock,treated,24,360,34.60608673095703,36.27802276611328,36.33244323730469,0.05441856384277344,35.73475646972656,35.754234313964844,0.019479751586914062
query_shock,treated,25,375,35.15169906616211,36.89064025878906,36.937652587890625,0.047011613845825195,36.345924377441406,36.361045837402344,0.015116214752197266
query_shock,treated,26,390,36.83244323730469,37.651878356933594,37.70506286621094,0.05318331718444824,36.961341857910156,36.96525955200195,0.00391840934753418
query_shock,treated,27,405,37.90019226074219,38.23420715332031,38.280941009521484,0.046736955642700195,37.59438705444336,37.596397399902344,0.002012968063354492
query_shock,treated,28,420,38.91992950439453,38.82540512084961,38.87440490722656,0.04900097846984863,38.24547576904297,38.24313735961914,-0.0023407936096191406
query_shock,treated,29,435,39.5797119140625,39.38636016845703,39.44442367553711,0.05806589126586914,38.766902923583984,38.78046798706055,0.013566255569458008
query_shock,treated,30,450,39.85813522338867,39.787445068359375,39.848655700683594,0.061212778091430664,39.24940872192383,39.248291015625,-0.00112152099609375
query_shock,treated,31,465,40.814353942871094,40.251094818115234,40.3094482421875,0.05835270881652832,39.70318603515625,39.71738052368164,0.01419830322265625
query_shock,treated,32,480,40.24888610839844,40.584678649902344,40.640663146972656,0.0559840202331543,40.043697357177734,40.06499481201172,0.02129817008972168
query_shock,treated,33,495,40.83173751831055,40.833351135253906,40.881103515625,0.047754764556884766,40.30707550048828,40.32189178466797,0.014814615249633789
query_shock,treated,34,510,40.810768127441406,41.10844039916992,41.159934997558594,0.05149030685424805,40.54301452636719,40.5589599609375,0.015949249267578125
query_shock,treated,35,525,39.919776916503906,41.360504150390625,41.413330078125,0.05282855033874512,40.71186828613281,40.73920440673828,0.02733588218688965
query_shock,treated,36,540,40.536865234375,41.55503845214844,41.61648941040039,0.06145167350769043,40.894561767578125,40.91693115234375,0.022369861602783203
query_shock,all_nodes,1,15,28.482797622680664,28.202966690063477,28.2042179107666,0.0012529640225693583,28.263641357421875,28.263652801513672,1.0501861652301159e-05
query_shock,all_nodes,2,30,28.64682388305664,28.05851173400879,28.059600830078125,0.001093030907213688,28.1716251373291,28.171384811401367,-0.00023938369122333825
query_shock,all_nodes,3,45,28.9317684173584,27.930767059326172,27.93189239501953,0.0011241817846894264,28.036462783813477,28.036312103271484,-0.00015107727085705847
query_shock,all_nodes,4,60,28.48590660095215,27.791851043701172,27.79290199279785,0.0010508537525311112,27.957828521728516,27.95782470703125,-2.7923583729716484e-06
query_shock,all_nodes,5,75,27.911888122558594,27.689695358276367,27.69060516357422,0.0009082946926355362,27.921642303466797,27.921415328979492,-0.00022558594355359674
query_shock,all_nodes,6,90,28.040922164916992,27.569868087768555,27.570789337158203,0.0009206046815961599,27.82611656188965,27.82602310180664,-9.344863792648539e-05
query_shock,all_nodes,7,105,27.93071937561035,27.41108512878418,27.41194725036621,0.0008614807156845927,27.729228973388672,27.729276657104492,4.915237514069304e-05
query_shock,all_nodes,8,120,27.327363967895508,27.39345359802246,27.39431381225586,0.0008637637947686017,27.778711318969727,27.77833366394043,-0.00037672807229682803
query_shock,all_nodes,9,135,27.06697654724121,27.43779754638672,27.438507080078125,0.0007099647773429751,27.73969078063965,27.739749908447266,5.8044432080350816e-05
query_shock,all_nodes,10,150,27.523475646972656,27.50318717956543,27.503856658935547,0.0006703395629301667,27.74622344970703,27.74638557434082,0.00016046523523982614
query_shock,all_nodes,11,165,28.78635597229004,27.580087661743164,27.580774307250977,0.0006860065623186529,27.891422271728516,27.89105224609375,-0.0003701171954162419
query_shock,all_nodes,12,180,29.912456512451172,27.732955932617188,27.733379364013672,0.00042329024290665984,28.000621795654297,28.000551223754883,-6.944656342966482e-05
query_shock,all_nodes,13,195,29.962570190429688,27.98552703857422,27.98599624633789,0.0004710197390522808,28.200754165649414,28.200754165649414,-2.101898189721396e-06
query_shock,all_nodes,14,210,29.883882522583008,28.253511428833008,28.253923416137695,0.00041123200207948685,28.395263671875,28.395099639892578,-0.000163948061526753
query_shock,all_nodes,15,225,29.98367691040039,28.479822158813477,28.47996711730957,0.0001440620399080217,28.58875274658203,28.588844299316406,8.908844029065222e-05
query_shock,all_nodes,16,240,30.08831214904785,28.709678649902344,28.70982551574707,0.00014846229169052094,28.803558349609375,28.803590774536133,3.0410767067223787e-05
query_shock,all_nodes,17,255,30.396089553833008,29.042436599731445,29.04271125793457,0.00027528381906449795,29.007648468017578,29.007566452026367,-8.225631609093398e-05
query_shock,all_nodes,18,270,29.98902130126953,29.401643753051758,29.40185546875,0.00021026992180850357,29.247835159301758,29.247703552246094,-0.00013271713396534324
query_shock,all_nodes,19,285,29.170516967773438,29.778234481811523,29.778400421142578,0.00016469955153297633,29.560401916503906,29.560327529907227,-7.38601665943861e-05
query_shock,all_nodes,20,300,29.121238708496094,30.100120544433594,30.100183486938477,6.414031668100506e-05,29.85457992553711,29.854557037353516,-2.3513794076279737e-05
query_shock,all_nodes,21,315,29.46605110168457,30.457664489746094,30.45769500732422,3.507614019326866e-05,30.160552978515625,30.160404205322266,-0.0001468849222874269
query_shock,all_nodes,22,330,29.847354888916016,30.864925384521484,30.864980697631836,5.496597441378981e-05,30.5029354095459,30.502819061279297,-0.00011708450620062649
query_shock,all_nodes,23,345,30.168378829956055,31.27540397644043,31.27549934387207,9.600448538549244e-05,30.867002487182617,30.867055892944336,5.462265107780695e-05
query_shock,all_nodes,24,360,30.71674919128418,31.68252182006836,31.68278694152832,0.0002646751527208835,31.230804443359375,31.231115341186523,0.0003116760344710201
query_shock,all_nodes,25,375,31.86924934387207,32.06637191772461,32.06650161743164,0.00013124846736900508,31.667770385742188,31.668014526367188,0.00024185943766497076
query_shock,all_nodes,26,390,32.98997497558594,32.5933837890625,32.59360122680664,0.0002189254737459123,32.142906188964844,32.142967224121094,6.269454752327874e-05
query_shock,all_nodes,27,405,33.66775131225586,33.02381896972656,33.023929595947266,0.00010863495117519051,32.60468673706055,32.60471725463867,3.2207488402491435e-05
query_shock,all_nodes,28,420,34.20378875732422,33.35293960571289,33.35308837890625,0.0001469917333452031,33.095298767089844,33.09526062011719,-3.745269714272581e-05
query_shock,all_nodes,29,435,34.8228759765625,33.707618713378906,33.70791244506836,0.0003004417521879077,33.47709274291992,33.47731399536133,0.00021706009283661842
query_shock,all_nodes,30,450,35.406700134277344,34.064613342285156,34.06497573852539,0.0003652382001746446,33.8868522644043,33.88683319091797,-1.7944335922948085e-05
query_shock,all_nodes,31,465,35.86373519897461,34.46462631225586,34.46495819091797,0.0003301925607956946,34.20838928222656,34.208621978759766,0.00022717284446116537
query_shock,all_nodes,32,480,35.8207893371582,34.842994689941406,34.84330368041992,0.0003106460499111563,34.4594841003418,34.4598274230957,0.0003407707263249904
query_shock,all_nodes,33,495,35.74882888793945,35.092369079589844,35.09257125854492,0.00020716857397928834,34.66706085205078,34.667301177978516,0.00023703384795226157
query_shock,all_nodes,34,510,35.689266204833984,35.28617858886719,35.28647232055664,0.0002943763684015721,34.8663444519043,34.86659622192383,0.00025518800248391926
query_shock,all_nodes,35,525,35.6527099609375,35.45173263549805,35.45207977294922,0.00034227751893922687,35.00607681274414,35.00651550292969,0.0004373741103336215
query_shock,all_nodes,36,540,35.52560043334961,35.62710189819336,35.62760543823242,0.0005037002847529948,35.17654800415039,35.17690658569336,0.0003579177719075233
query_shock,hop_0,1,15,31.37727165222168,31.94159698486328,32.004913330078125,0.06331419944763184,31.277185440063477,31.277843475341797,0.0006563663482666016
query_shock,hop_0,2,30,30.62605094909668,31.517353057861328,31.57140350341797,0.05405020713806152,31.12141227722168,31.106449127197266,-0.014961481094360352
query_shock,hop_0,3,45,32.36762619018555,31.39313316345215,31.450326919555664,0.05719470977783203,30.971668243408203,30.962228775024414,-0.009442329406738281
query_shock,hop_0,4,60,31.71463394165039,31.12432098388672,31.17825698852539,0.05393671989440918,30.912166595458984,30.9119930267334,-0.00017452239990234375
query_shock,hop_0,5,75,30.27269744873047,30.96687126159668,31.01366424560547,0.04679226875305176,30.86159896850586,30.847501754760742,-0.01409912109375
query_shock,hop_0,6,90,31.137859344482422,30.966617584228516,31.016347885131836,0.04972982406616211,30.823781967163086,30.817941665649414,-0.0058405399322509766
query_shock,hop_0,7,105,31.415185928344727,30.801517486572266,30.849754333496094,0.04823803901672363,30.758712768554688,30.76178550720215,0.003072023391723633
query_shock,hop_0,8,120,29.70974349975586,30.78271484375,30.83382797241211,0.05111217498779297,30.80588150024414,30.782337188720703,-0.023545503616333008
query_shock,hop_0,9,135,30.02606201171875,30.7971248626709,30.841751098632812,0.044625043869018555,30.846521377563477,30.85015106201172,0.003627777099609375
query_shock,hop_0,10,150,31.3929500579834,30.911436080932617,30.956809997558594,0.04537248611450195,30.869136810302734,30.879165649414062,0.010029077529907227
query_shock,hop_0,11,165,32.69892120361328,31.17702293395996,31.226909637451172,0.04988694190979004,31.024555206298828,31.00142478942871,-0.02313232421875
query_shock,hop_0,12,180,32.467803955078125,31.339099884033203,31.37594985961914,0.036847591400146484,31.238353729248047,31.234012603759766,-0.004340410232543945
query_shock,hop_0,13,195,31.933582305908203,31.576091766357422,31.618907928466797,0.042815208435058594,31.533859252929688,31.533727645874023,-0.00013136863708496094
query_shock,hop_0,14,210,32.126190185546875,31.859209060668945,31.90138053894043,0.04217100143432617,31.772994995117188,31.76274871826172,-0.010246753692626953
query_shock,hop_0,15,225,32.80322265625,32.00168991088867,32.03010559082031,0.02841639518737793,32.04207229614258,32.047637939453125,0.005568027496337891
query_shock,hop_0,16,240,34.29316329956055,32.23702621459961,32.268428802490234,0.031402587890625,32.33679962158203,32.33870315551758,0.0019006729125976562
query_shock,hop_0,17,255,35.730079650878906,32.733116149902344,32.77519607543945,0.042079925537109375,32.642520904541016,32.63738250732422,-0.005141019821166992
query_shock,hop_0,18,270,35.364662170410156,33.07467269897461,33.11552047729492,0.04084515571594238,32.96921157836914,32.960914611816406,-0.008294820785522461
query_shock,hop_0,19,285,33.25902557373047,33.51903533935547,33.559364318847656,0.04033207893371582,33.41410827636719,33.40949249267578,-0.004616260528564453
query_shock,hop_0,20,300,33.00138854980469,33.9461669921875,33.98234558105469,0.03617715835571289,33.81118392944336,33.809715270996094,-0.0014696121215820312
query_shock,hop_0,21,315,34.00834655761719,34.44771957397461,34.483909606933594,0.03618788719177246,34.187442779541016,34.178260803222656,-0.009180307388305664
query_shock,hop_0,22,330,35.46929931640625,35.056453704833984,35.09556198120117,0.03910660743713379,34.659507751464844,34.652191162109375,-0.007317781448364258
query_shock,hop_0,23,345,34.34074401855469,35.68169403076172,35.724586486816406,0.0428922176361084,35.187225341796875,35.19063949584961,0.0034139156341552734
query_shock,hop_0,24,360,34.60608673095703,36.27802276611328,36.33244323730469,0.05441856384277344,35.73475646972656,35.754234313964844,0.019479751586914062
query_shock,hop_0,25,375,35.15169906616211,36.89064025878906,36.937652587890625,0.047011613845825195,36.345924377441406,36.361045837402344,0.015116214752197266
query_shock,hop_0,26,390,36.83244323730469,37.651878356933594,37.70506286621094,0.05318331718444824,36.961341857910156,36.96525955200195,0.00391840934753418
query_shock,hop_0,27,405,37.90019226074219,38.23420715332031,38.280941009521484,0.046736955642700195,37.59438705444336,37.596397399902344,0.002012968063354492
query_shock,hop_0,28,420,38.91992950439453,38.82540512084961,38.87440490722656,0.04900097846984863,38.24547576904297,38.24313735961914,-0.0023407936096191406
query_shock,hop_0,29,435,39.5797119140625,39.38636016845703,39.44442367553711,0.05806589126586914,38.766902923583984,38.78046798706055,0.013566255569458008
query_shock,hop_0,30,450,39.85813522338867,39.787445068359375,39.848655700683594,0.061212778091430664,39.24940872192383,39.248291015625,-0.00112152099609375
query_shock,hop_0,31,465,40.814353942871094,40.251094818115234,40.3094482421875,0.05835270881652832,39.70318603515625,39.71738052368164,0.01419830322265625
query_shock,hop_0,32,480,40.24888610839844,40.584678649902344,40.640663146972656,0.0559840202331543,40.043697357177734,40.06499481201172,0.02129817008972168
query_shock,hop_0,33,495,40.83173751831055,40.833351135253906,40.881103515625,0.047754764556884766,40.30707550048828,40.32189178466797,0.014814615249633789
query_shock,hop_0,34,510,40.810768127441406,41.10844039916992,41.159934997558594,0.05149030685424805,40.54301452636719,40.5589599609375,0.015949249267578125
query_shock,hop_0,35,525,39.919776916503906,41.360504150390625,41.413330078125,0.05282855033874512,40.71186828613281,40.73920440673828,0.02733588218688965
query_shock,hop_0,36,540,40.536865234375,41.55503845214844,41.61648941040039,0.06145167350769043,40.894561767578125,40.91693115234375,0.022369861602783203
query_shock,hop_1,1,15,32.33946990966797,31.712100982666016,31.717126846313477,0.0050290049985051155,31.99552345275879,31.99552345275879,0.0
query_shock,hop_1,2,30,33.14702224731445,31.50227928161621,31.506864547729492,0.004581451416015625,31.88883399963379,31.88883399963379,0.0
query_shock,hop_1,3,45,33.991912841796875,31.35376739501953,31.357812881469727,0.004044476896524429,31.755826950073242,31.755826950073242,0.0
query_shock,hop_1,4,60,33.11077117919922,31.200910568237305,31.20440673828125,0.0034960017073899508,31.674270629882812,31.674270629882812,0.0
query_shock,hop_1,5,75,31.639928817749023,31.097030639648438,31.099864959716797,0.002832917496562004,31.642499923706055,31.642499923706055,0.0
query_shock,hop_1,6,90,31.345386505126953,30.978836059570312,30.98089599609375,0.0020618438720703125,31.562877655029297,31.562877655029297,0.0
query_shock,hop_1,7,105,30.213611602783203,30.806640625,30.807937622070312,0.0012948092771694064,31.469636917114258,31.469636917114258,0.0
query_shock,hop_1,8,120,28.373058319091797,30.802364349365234,30.802778244018555,0.0004141751560382545,31.511898040771484,31.511898040771484,0.0
query_shock,hop_1,9,135,29.042137145996094,30.870576858520508,30.87003517150879,-0.0005388259887695312,31.47062110900879,31.47062110900879,0.0
query_shock,hop_1,10,150,30.929471969604492,30.961498260498047,30.960018157958984,-0.0014806074323132634,31.455549240112305,31.455549240112305,0.0
query_shock,hop_1,11,165,32.588443756103516,31.07607078552246,31.073575973510742,-0.0024957656860351562,31.59905242919922,31.59905242919922,0.0
query_shock,hop_1,12,180,32.76563262939453,31.265453338623047,31.262008666992188,-0.0034428765065968037,31.717134475708008,31.717134475708008,0.0
query_shock,hop_1,13,195,32.38778305053711,31.54566192626953,31.541385650634766,-0.004273582715541124,31.93279266357422,31.93279266357422,0.0
query_shock,hop_1,14,210,32.10218048095703,31.841625213623047,31.836498260498047,-0.005131945945322514,32.118797302246094,32.118797302246094,0.0
query_shock,hop_1,15,225,31.447372436523438,32.11455154418945,32.108604431152344,-0.005947898607701063,32.323028564453125,32.323028564453125,0.0
query_shock,hop_1,16,240,31.158479690551758,32.382484436035156,32.375770568847656,-0.006709435489028692,32.57367706298828,32.57367706298828,0.0
query_shock,hop_1,17,255,31.656124114990234,32.73640823364258,32.728919982910156,-0.007488362956792116,32.80720520019531,32.80720520019531,0.0
query_shock,hop_1,18,270,31.862958908081055,33.15215301513672,33.14384841918945,-0.008304371498525143,33.065250396728516,33.065250396728516,0.0
query_shock,hop_1,19,285,31.787397384643555,33.56111526489258,33.5521354675293,-0.00897979736328125,33.417755126953125,33.417755126953125,0.0
query_shock,hop_1,20,300,31.83878517150879,33.91903305053711,33.90943908691406,-0.009591944515705109,33.74396896362305,33.74396896362305,0.0
query_shock,hop_1,21,315,31.868785858154297,34.28594207763672,34.27582931518555,-0.010112762451171875,34.08407974243164,34.08407974243164,0.0
query_shock,hop_1,22,330,31.8275146484375,34.74906921386719,34.738494873046875,-0.010579165071249008,34.467926025390625,34.467926025390625,0.0
query_shock,hop_1,23,345,32.445953369140625,35.18320083618164,35.17229080200195,-0.010912277735769749,34.878726959228516,34.878726959228516,0.0
query_shock,hop_1,24,360,33.614681243896484,35.623775482177734,35.61260986328125,-0.011170106939971447,35.29200744628906,35.29200744628906,0.0
query_shock,hop_1,25,375,34.71575927734375,36.065162658691406,36.053749084472656,-0.011411666870117188,35.785736083984375,35.785736083984375,0.0
query_shock,hop_1,26,390,35.57508087158203,36.62791442871094,36.61631774902344,-0.011600269936025143,36.28461837768555,36.28461837768555,0.0
query_shock,hop_1,27,405,35.898780822753906,37.10179138183594,37.09007263183594,-0.01171785220503807,36.77658462524414,36.77658462524414,0.0
query_shock,hop_1,28,420,36.49673080444336,37.4708137512207,37.459144592285156,-0.011668149381875992,37.295921325683594,37.295921325683594,0.0
query_shock,hop_1,29,435,36.703895568847656,37.84099578857422,37.82947540283203,-0.011525771580636501,37.692806243896484,37.692806243896484,0.0
query_shock,hop_1,30,450,36.759666442871094,38.21068572998047,38.19941329956055,-0.011273103766143322,38.089569091796875,38.089569091796875,0.0
query_shock,hop_1,31,465,37.621925354003906,38.637718200683594,38.62663269042969,-0.011082368902862072,38.41789245605469,38.41789245605469,0.0
query_shock,hop_1,32,480,37.946014404296875,39.0360107421875,39.025264739990234,-0.010745328851044178,38.67497253417969,38.67497253417969,0.0
query_shock,hop_1,33,495,38.399383544921875,39.24871063232422,39.23847961425781,-0.010229446925222874,38.86782455444336,38.86782455444336,0.0
query_shock,hop_1,34,510,38.443443298339844,39.41592788696289,39.40620803833008,-0.009723999537527561,39.0355224609375,39.0355224609375,0.0
query_shock,hop_1,35,525,38.05978775024414,39.55999755859375,39.55075454711914,-0.009242899715900421,39.12864685058594,39.12864685058594,0.0
query_shock,hop_1,36,540,38.10319519042969,39.725730895996094,39.716922760009766,-0.00880768708884716,39.25387954711914,39.25387954711914,0.0
query_shock,hop_2,1,15,32.10916519165039,31.702775955200195,31.704214096069336,0.001436471939086914,32.001190185546875,32.001190185546875,0.0
query_shock,hop_2,2,30,32.88197708129883,31.4973201751709,31.498830795288086,0.001509547233581543,31.910512924194336,31.910512924194336,0.0
query_shock,hop_2,3,45,33.32320022583008,31.348596572875977,31.350088119506836,0.0014907121658325195,31.783178329467773,31.783178329467773,0.0
query_shock,hop_2,4,60,32.83409881591797,31.197509765625,31.198945999145508,0.001437544822692871,31.711023330688477,31.711023330688477,0.0
query_shock,hop_2,5,75,32.027557373046875,31.089080810546875,31.09040069580078,0.0013187328586354852,31.68810272216797,31.68810272216797,0.0
query_shock,hop_2,6,90,31.78645133972168,30.9639892578125,30.96512794494629,0.0011421839008107781,31.61879539489746,31.61879539489746,0.0
query_shock,hop_2,7,105,30.83757972717285,30.787797927856445,30.788747787475586,0.0009510119562037289,31.535934448242188,31.535934448242188,0.0
query_shock,hop_2,8,120,29.30712890625,30.77726173400879,30.777929306030273,0.0006643136148341,31.59189796447754,31.59189796447754,0.0
query_shock,hop_2,9,135,29.835586547851562,30.835695266723633,30.83599281311035,0.00029758611344732344,31.563247680664062,31.563247680664062,0.0
query_shock,hop_2,10,150,31.9438533782959,30.918214797973633,30.918106079101562,-0.00010999044025084004,31.56011962890625,31.56011962890625,0.0
query_shock,hop_2,11,165,33.3076171875,31.026857376098633,31.026290893554688,-0.0005693435668945312,31.721120834350586,31.721120834350586,0.0
query_shock,hop_2,12,180,33.44959259033203,31.212791442871094,31.211763381958008,-0.0010252794018015265,31.8533935546875,31.8533935546875,0.0
query_shock,hop_2,13,195,33.22761535644531,31.486597061157227,31.48516845703125,-0.0014317035675048828,32.08682632446289,32.08682632446289,0.0
query_shock,hop_2,14,210,33.25210189819336,31.7816104888916,31.779756546020508,-0.001854538917541504,32.286705017089844,32.286705017089844,0.0
query_shock,hop_2,15,225,32.76236343383789,32.04435348510742,32.04209518432617,-0.002257744548842311,32.50106430053711,32.50106430053711,0.0
query_shock,hop_2,16,240,32.17042541503906,32.30342483520508,32.30080032348633,-0.0026220481377094984,32.764495849609375,32.764495849609375,0.0
query_shock,hop_2,17,255,32.485591888427734,32.6541633605957,32.651180267333984,-0.002987305400893092,33.00797653198242,33.00797653198242,0.0
query_shock,hop_2,18,270,32.505733489990234,33.054176330566406,33.05082321166992,-0.0033521652221679688,33.27486801147461,33.27486801147461,0.0
query_shock,hop_2,19,285,32.11214065551758,33.45903396606445,33.455379486083984,-0.0036520957946777344,33.63809585571289,33.63809585571289,0.0
query_shock,hop_2,20,300,32.01768493652344,33.80984115600586,33.805912017822266,-0.003928502555936575,33.96988296508789,33.96988296508789,0.0
query_shock,hop_2,21,315,32.19589614868164,34.17131423950195,34.16714859008789,-0.004168669227510691,34.31201934814453,34.31201934814453,0.0
query_shock,hop_2,22,330,32.391998291015625,34.6184196472168,34.6140251159668,-0.004396835807710886,34.704105377197266,34.704105377197266,0.0
query_shock,hop_2,23,345,33.00807571411133,35.05180740356445,35.0472412109375,-0.004567781928926706,35.1204719543457,35.1204719543457,0.0
query_shock,hop_2,24,360,33.772274017333984,35.490596771240234,35.48588180541992,-0.004713296890258789,35.54587936401367,35.54587936401367,0.0
query_shock,hop_2,25,375,34.44881820678711,35.93006896972656,35.92522048950195,-0.004852930549532175,36.0528450012207,36.0528450012207,0.0
query_shock,hop_2,26,390,35.415279388427734,36.495670318603516,36.49072265625,-0.004949966911226511,36.56623458862305,36.56623458862305,0.0
query_shock,hop_2,27,405,36.1961669921875,36.96809387207031,36.963077545166016,-0.00501561164855957,37.07436752319336,37.07436752319336,0.0
query_shock,hop_2,28,420,36.65702438354492,37.3399772644043,37.3349723815918,-0.005006392952054739,37.60805892944336,37.60805892944336,0.0
query_shock,hop_2,29,435,36.841854095458984,37.71590805053711,37.71097946166992,-0.0049320063553750515,38.01508712768555,38.01508712768555,0.0
query_shock,hop_2,30,450,37.311561584472656,38.089969635009766,38.08516311645508,-0.004810015205293894,38.42420959472656,38.42420959472656,0.0
query_shock,hop_2,31,465,37.65568923950195,38.52192687988281,38.5172004699707,-0.004721879959106445,38.76579284667969,38.76579284667969,0.0
query_shock,hop_2,32,480,37.128292083740234,38.91703796386719,38.91245651245117,-0.004578272346407175,39.02849197387695,39.02849197387695,0.0
query_shock,hop_2,33,495,37.6403694152832,39.14033126831055,39.1359748840332,-0.00435638427734375,39.22622299194336,39.22622299194336,0.0
query_shock,hop_2,34,510,38.48332977294922,39.315975189208984,39.311832427978516,-0.00414276123046875,39.40067672729492,39.40067672729492,0.0
query_shock,hop_2,35,525,38.868465423583984,39.470645904541016,39.46671676635742,-0.0039316811598837376,39.49287414550781,39.49287414550781,0.0
query_shock,hop_2,36,540,39.12349319458008,39.639827728271484,39.63607406616211,-0.0037513573188334703,39.61833572387695,39.61833572387695,0.0
query_shock,hop_3plus,1,15,28.09309959411621,27.818132400512695,27.818132400512695,0.0,27.870622634887695,27.870622634887695,0.0
query_shock,hop_3plus,2,30,28.216711044311523,27.684349060058594,27.684349060058594,0.0,27.78022003173828,27.78022003173828,0.0
query_shock,hop_3plus,3,45,28.446395874023438,27.558446884155273,27.558446884155273,0.0,27.64481544494629,27.64481544494629,0.0
query_shock,hop_3plus,4,60,28.02291488647461,27.423006057739258,27.423006057739258,0.0,27.565608978271484,27.565608978271484,0.0
query_shock,hop_3plus,5,75,27.510469436645508,27.322229385375977,27.322229385375977,0.0,27.528804779052734,27.528804779052734,0.0
query_shock,hop_3plus,6,90,27.662107467651367,27.20050048828125,27.20050048828125,0.0,27.430261611938477,27.430261611938477,0.0
query_shock,hop_3plus,7,105,27.628170013427734,27.043262481689453,27.043262481689453,0.0,27.331928253173828,27.331928253173828,0.0
query_shock,hop_3plus,8,120,27.140331268310547,27.02476692199707,27.02476692199707,0.0,27.381376266479492,27.381376266479492,0.0
query_shock,hop_3plus,9,135,26.792707443237305,27.0679931640625,27.0679931640625,0.0,27.34047508239746,27.34047508239746,0.0
query_shock,hop_3plus,10,150,27.09122085571289,27.13064193725586,27.13064193725586,0.0,27.348051071166992,27.348051071166992,0.0
query_shock,hop_3plus,11,165,28.333040237426758,27.201086044311523,27.201086044311523,0.0,27.492290496826172,27.492290496826172,0.0
query_shock,hop_3plus,12,180,29.571352005004883,27.35065460205078,27.35065460205078,0.0,27.598072052001953,27.598072052001953,0.0
query_shock,hop_3plus,13,195,29.662443161010742,27.601327896118164,27.601327896118164,0.0,27.794157028198242,27.794157028198242,0.0
query_shock,hop_3plus,14,210,29.58125114440918,27.86655616760254,27.86655616760254,0.0,27.987911224365234,27.987911224365234,0.0
query_shock,hop_3plus,15,225,29.73062515258789,28.09065818786621,28.09065818786621,0.0,28.178544998168945,28.178544998168945,0.0
query_shock,hop_3plus,16,240,29.862586975097656,28.317424774169922,28.317424774169922,0.0,28.38799285888672,28.38799285888672,0.0
query_shock,hop_3plus,17,255,30.142786026000977,28.64552879333496,28.64552879333496,0.0,28.587074279785156,28.587074279785156,0.0
query_shock,hop_3plus,18,270,29.689104080200195,29.000749588012695,29.000749588012695,0.0,28.823631286621094,28.823631286621094,0.0
query_shock,hop_3plus,19,285,28.842817306518555,29.373414993286133,29.373414993286133,0.0,29.12965202331543,29.12965202331543,0.0
query_shock,hop_3plus,20,300,28.795839309692383,29.690536499023438,29.690536499023438,0.0,29.41879653930664,29.41879653930664,0.0
query_shock,hop_3plus,21,315,29.149639129638672,30.044958114624023,30.044958114624023,0.0,29.720306396484375,29.720306396484375,0.0
query_shock,hop_3plus,22,330,29.537578582763672,30.444425582885742,30.444425582885742,0.0,30.056180953979492,30.056180953979492,0.0
query_shock,hop_3plus,23,345,29.857402801513672,30.848979949951172,30.848979949951172,0.0,30.41280174255371,30.41280174255371,0.0
query_shock,hop_3plus,24,360,30.375925064086914,31.24979591369629,31.24979591369629,0.0,30.76820182800293,30.76820182800293,0.0
query_shock,hop_3plus,25,375,31.566455841064453,31.62445831298828,31.62445831298828,0.0,31.196212768554688,31.196212768554688,0.0
query_shock,hop_3plus,26,390,32.695308685302734,32.14391326904297,32.14391326904297,0.0,31.66593360900879,31.66593360900879,0.0
query_shock,hop_3plus,27,405,33.374027252197266,32.567787170410156,32.567787170410156,0.0,32.12106704711914,32.12106704711914,0.0
query_shock,hop_3plus,28,420,33.90315628051758,32.88848114013672,32.88848114013672,0.0,32.6054573059082,32.6054573059082,0.0
query_shock,hop_3plus,29,435,34.56015396118164,33.23777770996094,33.23777770996094,0.0,32.98286819458008,32.98286819458008,0.0
query_shock,hop_3plus,30,450,35.17537307739258,33.59260559082031,33.59260559082031,0.0,33.39186096191406,33.39186096191406,0.0
query_shock,hop_3plus,31,465,35.61429214477539,33.988773345947266,33.988773345947266,0.0,33.7097282409668,33.7097282409668,0.0
query_shock,hop_3plus,32,480,35.592552185058594,34.366294860839844,34.366294860839844,0.0,33.95838928222656,33.95838928222656,0.0
query_shock,hop_3plus,33,495,35.458099365234375,34.618446350097656,34.618446350097656,0.0,34.16606140136719,34.16606140136719,0.0
query_shock,hop_3plus,34,510,35.345916748046875,34.81278610229492,34.81278610229492,0.0,34.3671989440918,34.3671989440918,0.0
query_shock,hop_3plus,35,525,35.315162658691406,34.97819900512695,34.97819900512695,0.0,34.510704040527344,34.510704040527344,0.0
query_shock,hop_3plus,36,540,35.14809036254883,35.1539192199707,35.1539192199707,0.0,34.68505859375,34.68505859375,0.0
