scenario,sample_index,sample_query_score,node_id,recent_query_mean,is_treated,hop_bucket,dynamic_mean_signed_delta,dynamic_mean_abs_delta,static_mean_signed_delta,static_mean_abs_delta,dynamic_factual_mean_speed,dynamic_cf_mean_speed,static_factual_mean_speed,static_cf_mean_speed
speed_reduction,73,1.6099671125411987,50,11.896390914916992,True,hop_0,-3.069289207458496,3.069289207458496,-4.580946445465088,4.580946445465088,51.2054328918457,48.13615417480469,52.54319381713867,47.96224594116211
speed_reduction,73,1.6099671125411987,302,11.458109855651855,True,hop_0,-2.437509298324585,2.437509298324585,-2.1015756130218506,2.1015756130218506,46.234500885009766,43.79698944091797,46.053260803222656,43.95168685913086
speed_reduction,73,1.6099671125411987,385,12.18603801727295,True,hop_0,0.24010515213012695,1.3554598093032837,-0.5861359238624573,1.866506814956665,40.16436004638672,40.40446472167969,39.07008361816406,38.483943939208984
speed_reduction,73,1.6099671125411987,194,5.815951347351074,False,hop_1,-1.3341118097305298,1.3341118097305298,0.0031655628699809313,0.05914730578660965,22.07830810546875,20.74419403076172,18.65015411376953,18.653322219848633
speed_reduction,73,1.6099671125411987,281,12.31962776184082,True,hop_0,-1.22871732711792,1.22871732711792,-0.35199272632598877,0.4252612888813019,26.425683975219727,25.19696807861328,23.684785842895508,23.332792282104492
speed_reduction,73,1.6099671125411987,437,12.493614196777344,True,hop_0,-1.2036552429199219,1.2139759063720703,-2.0063960552215576,2.0063960552215576,30.273681640625,29.070030212402344,30.939918518066406,28.933523178100586
speed_reduction,73,1.6099671125411987,80,0.0,False,hop_1,1.207491397857666,1.207491397857666,0.4006155729293823,0.44358688592910767,63.60712432861328,64.81462097167969,66.49397277832031,66.89458465576172
speed_reduction,73,1.6099671125411987,440,11.177884101867676,True,hop_0,-1.0305142402648926,1.166668176651001,-4.614884853363037,4.614884853363037,26.66072654724121,25.630210876464844,30.188720703125,25.573835372924805
speed_reduction,73,1.6099671125411987,39,12.037993431091309,True,hop_0,0.4629107713699341,1.1041555404663086,-1.4764829874038696,1.4764829874038696,30.095144271850586,30.558053970336914,26.25404167175293,24.77756118774414
speed_reduction,73,1.6099671125411987,280,12.224727630615234,True,hop_0,-0.7285404801368713,0.8462597131729126,-3.82671856880188,3.82671856880188,27.295738220214844,26.56719970703125,27.081445693969727,23.254730224609375
speed_reduction,73,1.6099671125411987,79,0.0,False,hop_1,0.7632792592048645,0.7632792592048645,0.028743956238031387,0.12505552172660828,36.10160446166992,36.86488342285156,34.56505584716797,34.59380340576172
speed_reduction,73,1.6099671125411987,211,0.0,False,hop_2,-0.7284088134765625,0.7341166734695435,0.14588281512260437,0.14588281512260437,20.854080200195312,20.12567138671875,18.271467208862305,18.41735076904297
speed_reduction,73,1.6099671125411987,366,5.160533905029297,False,hop_1,0.14850012958049774,0.5029662251472473,0.14241208136081696,0.4512419104576111,40.43794250488281,40.58644104003906,39.125892639160156,39.26830291748047
speed_reduction,73,1.6099671125411987,445,4.628942012786865,False,hop_2,0.32215774059295654,0.47871631383895874,0.29113250970840454,0.29113250970840454,46.653907775878906,46.97606658935547,47.14912414550781,47.44026184082031
speed_reduction,73,1.6099671125411987,265,1.4823973178863525,False,hop_1,0.37457966804504395,0.37457966804504395,-0.05076763406395912,0.05268849432468414,17.188047409057617,17.562625885009766,16.397859573364258,16.347097396850586
speed_reduction,73,1.6099671125411987,4,6.944843292236328,False,hop_1,0.10823334753513336,0.3413952589035034,-0.13475459814071655,0.13475459814071655,40.85905456542969,40.96728515625,41.08161926269531,40.94686508178711
speed_reduction,73,1.6099671125411987,420,0.0,False,hop_1,-0.314739853143692,0.314739853143692,-0.07972892373800278,0.11634153872728348,25.13735008239746,24.822608947753906,24.50478172302246,24.425052642822266
speed_reduction,73,1.6099671125411987,483,0.0,False,hop_3plus,-0.2704795300960541,0.2704795300960541,0.0061963400803506374,0.04064655303955078,19.822362899780273,19.5518856048584,18.4755916595459,18.481786727905273
speed_reduction,73,1.6099671125411987,381,0.0,False,hop_2,0.25914138555526733,0.25914138555526733,0.2879906892776489,0.2879906892776489,35.297035217285156,35.556175231933594,34.89196014404297,35.17995071411133
speed_reduction,73,1.6099671125411987,297,0.0,False,hop_1,0.05136193335056305,0.23961152136325836,-0.04432688653469086,0.051652804017066956,48.98588180541992,49.03725051879883,51.983211517333984,51.93888854980469
speed_reduction,73,1.6099671125411987,292,0.7783788442611694,False,hop_1,0.2311391830444336,0.2311391830444336,-0.016955694183707237,0.033226966857910156,16.920198440551758,17.151336669921875,16.76922607421875,16.752269744873047
speed_reduction,73,1.6099671125411987,158,0.0,False,hop_3plus,0.17670917510986328,0.17670917510986328,-0.23220115900039673,0.23220115900039673,38.09110641479492,38.26781463623047,59.08392333984375,58.85171890258789
speed_reduction,73,1.6099671125411987,1,0.0,False,hop_1,0.1281619668006897,0.16383954882621765,-0.02191363461315632,0.06485886126756668,40.936302185058594,41.06446838378906,40.59575271606445,40.57383728027344
speed_reduction,73,1.6099671125411987,455,0.0,False,hop_1,-0.14738930761814117,0.14738930761814117,-0.22456592321395874,0.22456592321395874,39.81881332397461,39.671424865722656,41.53755569458008,41.312992095947266
speed_reduction,73,1.6099671125411987,434,0.0,False,hop_2,0.14690102636814117,0.14690102636814117,-0.04432784020900726,0.04432784020900726,68.80824279785156,68.95515441894531,67.74260711669922,67.69827270507812
speed_reduction,73,1.6099671125411987,282,1.2526588439941406,False,hop_2,0.13118202984333038,0.1424807459115982,0.1702149659395218,0.1702149659395218,40.55428695678711,40.68547058105469,42.247562408447266,42.417781829833984
speed_reduction,73,1.6099671125411987,109,5.3835530281066895,False,hop_2,-0.10338422656059265,0.1387512981891632,-0.11478845030069351,0.11478845030069351,17.522579193115234,17.41919708251953,16.73212242126465,16.61733627319336
speed_reduction,73,1.6099671125411987,112,0.0,False,hop_1,-0.11246591061353683,0.13418923318386078,-0.03610913082957268,0.04751835763454437,26.71387481689453,26.601409912109375,26.62052345275879,26.584415435791016
speed_reduction,73,1.6099671125411987,52,0.0,False,hop_2,-0.05884265899658203,0.12806732952594757,-0.16921646893024445,0.16921646893024445,49.44069290161133,49.38185119628906,52.21017837524414,52.04096603393555
speed_reduction,73,1.6099671125411987,19,0.0,False,hop_1,0.09859222918748856,0.12074078619480133,0.132406547665596,0.132406547665596,40.74818420410156,40.846778869628906,41.40727233886719,41.5396842956543
speed_reduction,73,1.6099671125411987,340,0.0,False,hop_1,-0.1093822568655014,0.1093822568655014,0.030171871185302734,0.054715950042009354,25.769655227661133,25.660276412963867,25.4697265625,25.49989891052246
speed_reduction,73,1.6099671125411987,380,0.0,False,hop_2,0.08872434496879578,0.10832754522562027,0.21237564086914062,0.21237564086914062,25.06021499633789,25.148937225341797,26.56993865966797,26.78231430053711
speed_reduction,73,1.6099671125411987,288,3.240265130996704,False,hop_1,0.055886268615722656,0.09141646325588226,-0.26737964153289795,0.26737964153289795,24.686182022094727,24.7420711517334,24.487934112548828,24.220552444458008
speed_reduction,73,1.6099671125411987,218,0.0,False,hop_2,0.039848487824201584,0.08926714956760406,-0.13412883877754211,0.20761547982692719,25.100582122802734,25.140430450439453,24.204994201660156,24.070865631103516
speed_reduction,73,1.6099671125411987,105,0.0,False,hop_1,0.07110818475484848,0.08033879846334457,0.14165380597114563,0.14319229125976562,30.23837661743164,30.309486389160156,30.59571075439453,30.737361907958984
speed_reduction,73,1.6099671125411987,159,0.0,False,hop_2,0.07136249542236328,0.07136249542236328,0.31184351444244385,0.3165504038333893,29.77178955078125,29.843149185180664,30.56966209411621,30.88150405883789
speed_reduction,73,1.6099671125411987,228,7.2307538986206055,False,hop_2,0.0013917287578806281,0.07082833349704742,0.1716248244047165,0.19493961334228516,41.48851013183594,41.489898681640625,38.97374725341797,39.1453742980957
speed_reduction,73,1.6099671125411987,444,0.0,False,hop_3plus,0.06962055712938309,0.06962055712938309,-0.017514441162347794,0.017514441162347794,69.3456802368164,69.41531372070312,68.6895751953125,68.67206573486328
speed_reduction,73,1.6099671125411987,275,0.0,False,hop_2,0.06898847967386246,0.06918705999851227,0.08143758773803711,0.08748070150613785,29.834638595581055,29.90363311767578,30.72929573059082,30.810726165771484
speed_reduction,73,1.6099671125411987,319,0.0,False,hop_2,0.06403986364603043,0.06662347912788391,0.10159317404031754,0.111378513276577,31.041969299316406,31.106008529663086,30.598388671875,30.69997787475586
speed_reduction,73,1.6099671125411987,264,0.0,False,hop_2,0.020856963470578194,0.06149832531809807,-0.06399843096733093,0.06399843096733093,38.94368362426758,38.964542388916016,39.34843444824219,39.28443908691406
speed_reduction,73,1.6099671125411987,28,2.1050949096679688,False,hop_2,-0.05093998461961746,0.05881669744849205,-0.22842533886432648,0.22842533886432648,42.80227279663086,42.7513313293457,44.639312744140625,44.410884857177734
speed_reduction,73,1.6099671125411987,248,0.7225929498672485,False,hop_3plus,-0.049183741211891174,0.049183741211891174,0.02411704510450363,0.02827082760632038,36.567745208740234,36.5185661315918,37.402774810791016,37.4268913269043
speed_reduction,73,1.6099671125411987,250,1.6525057554244995,False,hop_2,0.04716343432664871,0.04716343432664871,0.056003887206315994,0.056003887206315994,17.12870216369629,17.175867080688477,17.525615692138672,17.58161735534668
speed_reduction,73,1.6099671125411987,270,6.433389663696289,False,hop_2,0.018798721954226494,0.04708385467529297,0.13391239941120148,0.16787931323051453,39.95337677001953,39.972171783447266,39.620182037353516,39.75408935546875
speed_reduction,73,1.6099671125411987,180,0.0,False,hop_3plus,0.045987553894519806,0.045987553894519806,0.021818796172738075,0.025913238525390625,39.49474334716797,39.54072570800781,40.137237548828125,40.159061431884766
speed_reduction,73,1.6099671125411987,187,0.0,False,hop_1,-0.03670470044016838,0.04009024426341057,-0.014691988937556744,0.08171261847019196,42.33665466308594,42.299949645996094,43.263729095458984,43.24903869628906
speed_reduction,73,1.6099671125411987,213,0.0,False,hop_2,-0.03686518222093582,0.03686518222093582,0.0032819111365824938,0.021442731842398643,23.196218490600586,23.159351348876953,23.234407424926758,23.237693786621094
speed_reduction,73,1.6099671125411987,71,6.379131317138672,False,hop_3plus,-0.029837872833013535,0.03389056399464607,0.02651352435350418,0.07070530951023102,30.099510192871094,30.06966781616211,33.985836029052734,34.01234436035156
speed_reduction,73,1.6099671125411987,84,1.3932759761810303,False,hop_3plus,0.011344168335199356,0.03330665081739426,0.01708136685192585,0.034742143005132675,42.73426818847656,42.74561309814453,44.826656341552734,44.84373474121094
speed_reduction,73,1.6099671125411987,253,0.0,False,hop_3plus,-0.026578055694699287,0.03214115649461746,-0.03560278192162514,0.03739108145236969,15.446149826049805,15.419570922851562,16.05045509338379,16.01485252380371
speed_reduction,73,1.6099671125411987,359,0.0,False,hop_3plus,0.031775474548339844,0.031775474548339844,0.09456571191549301,0.09456571191549301,41.250370025634766,41.28214645385742,40.07855987548828,40.173118591308594
speed_reduction,73,1.6099671125411987,276,0.0,False,hop_2,0.0012642542133107781,0.02669641748070717,-0.03964514285326004,0.03964514285326004,26.91886329650879,26.920129776000977,27.154205322265625,27.114559173583984
speed_reduction,73,1.6099671125411987,309,0.2746530771255493,False,hop_3plus,-0.010167545638978481,0.02445507049560547,0.4877740144729614,0.4877740144729614,36.09450912475586,36.08433532714844,35.64379119873047,36.13156509399414
speed_reduction,73,1.6099671125411987,467,1.2526588439941406,False,hop_3plus,-0.00574133126065135,0.024142583832144737,-0.034904852509498596,0.034904852509498596,26.75389862060547,26.74815559387207,28.313077926635742,28.278175354003906
speed_reduction,73,1.6099671125411987,88,0.5628229379653931,False,hop_2,0.012916671112179756,0.023602910339832306,-0.05022716522216797,0.056441307067871094,45.16911697387695,45.182037353515625,47.84267807006836,47.79244613647461
speed_reduction,73,1.6099671125411987,400,2.9460220336914062,False,hop_3plus,-0.01812971942126751,0.022298123687505722,0.008963425643742085,0.018591932952404022,18.827125549316406,18.80899429321289,18.574867248535156,18.583829879760742
speed_reduction,73,1.6099671125411987,15,0.0,False,hop_3plus,0.0030471484642475843,0.021517489105463028,0.40388357639312744,0.40388357639312744,25.692222595214844,25.695270538330078,26.500957489013672,26.90483856201172
speed_reduction,73,1.6099671125411987,63,0.0,False,hop_3plus,0.021019617095589638,0.021019617095589638,-0.0868353322148323,0.0868353322148323,50.00988006591797,50.03090286254883,52.63396453857422,52.54712677001953
speed_reduction,73,1.6099671125411987,189,0.0,False,hop_3plus,-0.020794391632080078,0.020794391632080078,-0.01962847262620926,0.02757660485804081,27.065580368041992,27.044788360595703,27.718971252441406,27.6993408203125
speed_reduction,73,1.6099671125411987,177,0.0,False,hop_3plus,0.01984516717493534,0.01984516717493534,0.053267426788806915,0.053267426788806915,30.206064224243164,30.22591209411621,30.17415428161621,30.227420806884766
speed_reduction,73,1.6099671125411987,130,0.0,False,hop_3plus,-0.017997529357671738,0.01882372982800007,-0.006751378532499075,0.013292948715388775,20.185401916503906,20.167404174804688,16.916587829589844,16.90983772277832
speed_reduction,73,1.6099671125411987,169,0.0,False,hop_2,0.018661869689822197,0.018661869689822197,-0.0471360944211483,0.0471360944211483,27.147581100463867,27.166240692138672,27.05967903137207,27.012542724609375
speed_reduction,73,1.6099671125411987,231,0.0,False,hop_2,-0.01663716696202755,0.01664055697619915,-0.0364634208381176,0.0364634208381176,41.657806396484375,41.641170501708984,42.760250091552734,42.723785400390625
speed_reduction,73,1.6099671125411987,384,0.0,False,hop_3plus,-0.015326248481869698,0.015326248481869698,0.008668442256748676,0.008997791446745396,19.055715560913086,19.04039192199707,15.455631256103516,15.464299201965332
speed_reduction,73,1.6099671125411987,73,0.0,False,hop_2,-0.011998123489320278,0.01393153890967369,-0.017727427184581757,0.020304467529058456,23.55636978149414,23.544368743896484,22.267702102661133,22.249977111816406
speed_reduction,73,1.6099671125411987,404,1.2433198690414429,False,hop_3plus,-0.012769063003361225,0.013592296279966831,-0.00017621781444177032,0.007207976654171944,17.96168327331543,17.948915481567383,18.410871505737305,18.410694122314453
speed_reduction,73,1.6099671125411987,136,0.0,False,hop_3plus,0.005100356414914131,0.012692875228822231,-0.008090866729617119,0.008090866729617119,38.86473083496094,38.86983871459961,38.73773956298828,38.72964859008789
speed_reduction,73,1.6099671125411987,9,1.628400206565857,False,hop_3plus,0.005823453422635794,0.011985037475824356,0.00044430626439861953,0.006007618270814419,42.90107727050781,42.90690612792969,44.19593811035156,44.196388244628906
speed_reduction,73,1.6099671125411987,456,3.9697437286376953,False,hop_3plus,0.011904663406312466,0.011904663406312466,0.1483435034751892,0.1483435034751892,33.25121307373047,33.263118743896484,49.10967254638672,49.258018493652344
speed_reduction,73,1.6099671125411987,148,0.0,False,hop_3plus,-0.008447329513728619,0.011485099792480469,-0.08845223486423492,0.08845223486423492,42.19346618652344,42.18501663208008,43.465919494628906,43.377464294433594
speed_reduction,73,1.6099671125411987,38,0.0,False,hop_3plus,0.011041270568966866,0.011041270568966866,-0.015005429275333881,0.015005429275333881,31.19131088256836,31.20235824584961,30.109893798828125,30.09488296508789
speed_reduction,73,1.6099671125411987,193,0.0,False,hop_3plus,-0.005535708740353584,0.010757499374449253,-0.023142602294683456,0.023142602294683456,22.490629196166992,22.485092163085938,23.331031799316406,23.30788803100586
speed_reduction,73,1.6099671125411987,461,3.6852200031280518,False,hop_3plus,0.0002595583500806242,0.010730478912591934,0.049232907593250275,0.049232907593250275,25.74188232421875,25.742141723632812,25.915889739990234,25.96512222290039
speed_reduction,73,1.6099671125411987,367,0.0,False,hop_3plus,-0.007721582893282175,0.010325114242732525,-0.009837521240115166,0.009837521240115166,17.174535751342773,17.166810989379883,17.85588836669922,17.846052169799805
speed_reduction,73,1.6099671125411987,190,0.0,False,hop_3plus,-0.0076548256911337376,0.0076548256911337376,0.005785730201750994,0.005785730201750994,27.40300178527832,27.395347595214844,26.12420082092285,26.129985809326172
speed_reduction,73,1.6099671125411987,245,0.0,False,hop_3plus,0.006607612129300833,0.006607612129300833,0.012594944797456264,0.012719213962554932,21.254722595214844,21.261329650878906,20.406484603881836,20.419076919555664
speed_reduction,73,1.6099671125411987,462,9.041088104248047,False,hop_2,0.0049112108536064625,0.006271574180573225,0.011304643005132675,0.016838708892464638,32.64992141723633,32.65483474731445,36.339229583740234,36.350528717041016
speed_reduction,73,1.6099671125411987,197,3.8509364128112793,False,hop_3plus,0.003482871688902378,0.0057853590697050095,0.022065533325076103,0.022065533325076103,24.719926834106445,24.723411560058594,22.932889938354492,22.954957962036133
speed_reduction,73,1.6099671125411987,324,0.0,False,hop_3plus,-6.357828533509746e-05,0.005473030731081963,-0.015035946853458881,0.015035946853458881,50.21234130859375,50.212276458740234,52.74864196777344,52.73360061645508
speed_reduction,73,1.6099671125411987,162,1.5566341876983643,False,hop_3plus,-0.004777828697115183,0.004785723052918911,-0.006127781234681606,0.014380242675542831,15.635175704956055,15.63039779663086,15.997623443603516,15.991496086120605
speed_reduction,73,1.6099671125411987,166,0.4679505527019501,False,hop_3plus,-0.003379556816071272,0.004519197624176741,-0.0038534800987690687,0.007662561256438494,23.86358070373535,23.860197067260742,22.429147720336914,22.425294876098633
speed_reduction,73,1.6099671125411987,201,0.0,False,hop_3plus,0.0024003982543945312,0.004123581573367119,-4.514058309723623e-05,0.0024835797958076,39.22239685058594,39.22480010986328,38.694610595703125,38.69456481933594
speed_reduction,73,1.6099671125411987,191,4.250890254974365,False,hop_3plus,-0.0009860462741926312,0.0033438471145927906,-0.014483822509646416,0.014483822509646416,27.690093994140625,27.689109802246094,28.16632843017578,28.15184783935547
speed_reduction,73,1.6099671125411987,477,0.0,False,hop_3plus,0.0032518175430595875,0.0032518175430595875,0.025691773742437363,0.025691773742437363,33.67390823364258,33.677162170410156,33.59859848022461,33.62429428100586
speed_reduction,73,1.6099671125411987,476,0.0,False,hop_3plus,0.002137343166396022,0.0026090939063578844,-0.012491438537836075,0.013163778930902481,17.901443481445312,17.903581619262695,17.858793258666992,17.846302032470703
speed_reduction,73,1.6099671125411987,233,0.0,False,hop_3plus,-0.0009035004768520594,0.0025631056632846594,0.0015968217048794031,0.0022009212989360094,24.789588928222656,24.78868865966797,24.38317108154297,24.384769439697266
speed_reduction,73,1.6099671125411987,208,1.363830327987671,False,hop_3plus,-0.0024879244156181812,0.0024879244156181812,-0.029258303344249725,0.029258303344249725,42.288448333740234,42.28596115112305,42.45186996459961,42.42261505126953
speed_reduction,73,1.6099671125411987,419,5.692191123962402,False,hop_3plus,0.0010723537998273969,0.002223544754087925,-0.005791452247649431,0.007713847793638706,42.56999969482422,42.57107162475586,43.62904357910156,43.623252868652344
speed_reduction,73,1.6099671125411987,285,3.01704740524292,False,hop_3plus,-0.0006479687290266156,0.0016446643276140094,0.010786745697259903,0.010786745697259903,25.477907180786133,25.477256774902344,24.40650177001953,24.417287826538086
speed_reduction,73,1.6099671125411987,435,0.0,False,hop_3plus,-9.584426879882812e-05,0.0014981693821027875,0.00945308431982994,0.00945308431982994,29.81603240966797,29.81593132019043,30.397294998168945,30.406747817993164
speed_reduction,73,1.6099671125411987,83,1.0129462480545044,False,hop_3plus,-0.00044504800462163985,0.00146081717684865,0.0077987778931856155,0.007900078780949116,26.81447982788086,26.81403350830078,28.132936477661133,28.140735626220703
speed_reduction,73,1.6099671125411987,411,0.0,False,hop_3plus,0.0010807248763740063,0.0010807248763740063,0.0339779332280159,0.0339779332280159,42.541358947753906,42.54243850708008,41.8236083984375,41.85758972167969
speed_reduction,73,1.6099671125411987,358,1.2982392311096191,False,hop_3plus,0.00012572605919558555,0.0009865760803222656,0.0018660227069631219,0.002536773681640625,18.08377456665039,18.083900451660156,17.491111755371094,17.49297523498535
speed_reduction,73,1.6099671125411987,127,0.0,False,hop_3plus,0.0006248686113394797,0.0006473329267464578,-0.011277569457888603,0.011277569457888603,31.38898468017578,31.38961410522461,32.88218688964844,32.87089920043945
speed_reduction,73,1.6099671125411987,134,4.729889392852783,False,hop_3plus,0.0005520714912563562,0.0005520714912563562,0.0,0.0,38.16609573364258,38.16665267944336,38.40159606933594,38.40159606933594
speed_reduction,73,1.6099671125411987,469,3.882951259613037,False,hop_3plus,-0.0003760655818041414,0.0003760655818041414,0.0,0.0,15.80132007598877,15.800944328308105,16.107194900512695,16.107194900512695
speed_reduction,73,1.6099671125411987,152,2.4215660095214844,False,hop_3plus,0.00020254982518963516,0.00022225909924600273,0.0,0.0,23.943185806274414,23.94338607788086,22.235620498657227,22.235620498657227
speed_reduction,73,1.6099671125411987,475,0.0,False,hop_3plus,7.767147326376289e-05,0.0001291698863497004,0.0,0.0,47.79389953613281,47.79397964477539,49.18666076660156,49.18666076660156
speed_reduction,73,1.6099671125411987,294,0.0,False,hop_3plus,1.732508280838374e-05,4.8902300477493554e-05,0.0,0.0,33.22868347167969,33.228702545166016,33.174224853515625,33.174224853515625
speed_reduction,73,1.6099671125411987,432,0.0,False,hop_3plus,-1.340442213404458e-05,1.340442213404458e-05,0.0,0.0,28.13024139404297,28.130224227905273,28.97988510131836,28.97988510131836
speed_reduction,73,1.6099671125411987,236,0.0,False,hop_3plus,1.4834934063401306e-06,2.1192763597355224e-06,0.0,0.0,34.94147872924805,34.94148254394531,36.58095932006836,36.58095932006836
speed_reduction,73,1.6099671125411987,82,0.0,False,hop_3plus,4.76837158203125e-07,7.94728578057402e-07,0.0,0.0,24.041282653808594,24.041282653808594,22.819398880004883,22.819398880004883
speed_reduction,73,1.6099671125411987,334,0.6212266683578491,False,hop_3plus,0.0,0.0,0.0,0.0,27.247907638549805,27.247907638549805,27.720611572265625,27.720611572265625
speed_reduction,73,1.6099671125411987,333,0.0,False,hop_3plus,0.0,0.0,0.0,0.0,26.246440887451172,26.246440887451172,25.714704513549805,25.714704513549805
speed_reduction,73,1.6099671125411987,331,0.0,False,hop_3plus,0.0,0.0,0.0,0.0,27.43741798400879,27.43741798400879,27.283815383911133,27.283815383911133
speed_reduction,73,1.6099671125411987,332,0.0,False,hop_3plus,0.0,0.0,0.0,0.0,45.798500061035156,45.798500061035156,46.41426086425781,46.41426086425781
speed_reduction,73,1.6099671125411987,487,0.0,False,hop_3plus,0.0,0.0,0.0,0.0,24.884912490844727,24.884912490844727,24.450674057006836,24.450674057006836
speed_reduction,73,1.6099671125411987,463,6.743885040283203,False,hop_3plus,0.0,0.0,0.0,0.0,40.376522064208984,40.376522064208984,36.642391204833984,36.642391204833984
speed_reduction,73,1.6099671125411987,335,0.0,False,hop_3plus,0.0,0.0,0.0,0.0,50.6257438659668,50.6257438659668,52.27701950073242,52.27701950073242
speed_reduction,73,1.6099671125411987,336,0.0,False,hop_3plus,0.0,0.0,0.0,0.0,60.55936050415039,60.55936050415039,59.16317367553711,59.16317367553711
speed_reduction,73,1.6099671125411987,352,0.0,False,hop_3plus,0.0,0.0,0.0,0.0,18.548805236816406,18.548805236816406,18.953893661499023,18.953893661499023
speed_reduction,73,1.6099671125411987,351,0.0,False,hop_3plus,0.0,0.0,0.0,0.0,19.62449836730957,19.62449836730957,19.141530990600586,19.141530990600586
speed_reduction,73,1.6099671125411987,350,1.0891772508621216,False,hop_3plus,0.0,0.0,0.0,0.0,42.266937255859375,42.266937255859375,41.12074279785156,41.12074279785156
speed_reduction,73,1.6099671125411987,349,0.42618700861930847,False,hop_3plus,0.0,0.0,0.0,0.0,45.977230072021484,45.977230072021484,48.87633514404297,48.87633514404297
speed_reduction,73,1.6099671125411987,348,0.9253255128860474,False,hop_3plus,0.0,0.0,0.0,0.0,16.566604614257812,16.566604614257812,16.65975570678711,16.65975570678711
speed_reduction,73,1.6099671125411987,347,8.374811172485352,False,hop_3plus,0.0,0.0,0.0,0.0,35.518310546875,35.518310546875,33.309120178222656,33.309120178222656
speed_reduction,73,1.6099671125411987,346,0.0,False,hop_3plus,0.0,0.0,0.0,0.0,33.332889556884766,33.332889556884766,36.129940032958984,36.129940032958984
speed_reduction,73,1.6099671125411987,485,0.0,False,hop_3plus,0.0,0.0,0.0,0.0,17.8569393157959,17.8569393157959,17.92531967163086,17.92531967163086
speed_reduction,73,1.6099671125411987,330,0.0,False,hop_3plus,0.0,0.0,0.0,0.0,26.175926208496094,26.175926208496094,25.72357749938965,25.72357749938965
speed_reduction,73,1.6099671125411987,344,0.0,False,hop_3plus,0.0,0.0,0.0,0.0,33.982730865478516,33.982730865478516,33.64814758300781,33.64814758300781
speed_reduction,73,1.6099671125411987,343,7.298449993133545,False,hop_3plus,0.0,0.0,0.0,0.0,26.721101760864258,26.721101760864258,25.88671875,25.88671875
speed_reduction,73,1.6099671125411987,342,4.511386871337891,False,hop_3plus,0.0,0.0,0.0,0.0,20.989761352539062,20.989761352539062,19.306629180908203,19.306629180908203
speed_reduction,73,1.6099671125411987,341,0.0,False,hop_3plus,0.0,0.0,0.0,0.0,23.78417205810547,23.78417205810547,22.38019561767578,22.38019561767578
speed_reduction,73,1.6099671125411987,486,0.0,False,hop_3plus,0.0,0.0,0.0,0.0,43.53849411010742,43.53849411010742,44.793487548828125,44.793487548828125
speed_reduction,73,1.6099671125411987,339,0.0,False,hop_3plus,0.0,0.0,0.0,0.0,17.97681999206543,17.97681999206543,18.662527084350586,18.662527084350586
speed_reduction,73,1.6099671125411987,338,0.0,False,hop_3plus,0.0,0.0,0.0,0.0,16.335203170776367,16.335203170776367,17.308189392089844,17.308189392089844
speed_reduction,73,1.6099671125411987,337,0.0,False,hop_3plus,0.0,0.0,0.0,0.0,16.619857788085938,16.619857788085938,17.269018173217773,17.269018173217773
speed_reduction,73,1.6099671125411987,345,0.0,False,hop_3plus,0.0,0.0,0.0,0.0,21.66757583618164,21.66757583618164,21.781803131103516,21.781803131103516
speed_reduction,73,1.6099671125411987,318,0.0,False,hop_3plus,0.0,0.0,0.0,0.0,26.565269470214844,26.565269470214844,25.600305557250977,25.600305557250977
speed_reduction,73,1.6099671125411987,329,0.0,False,hop_3plus,0.0,0.0,0.0,0.0,27.921730041503906,27.921730041503906,29.711631774902344,29.711631774902344
speed_reduction,73,1.6099671125411987,303,1.5907570123672485,False,hop_3plus,0.0,0.0,0.0,0.0,18.808317184448242,18.808317184448242,19.050827026367188,19.050827026367188
speed_reduction,73,1.6099671125411987,492,0.0,False,hop_3plus,0.0,0.0,0.0,0.0,18.844348907470703,18.844348907470703,18.185718536376953,18.185718536376953
speed_reduction,73,1.6099671125411987,301,0.0,False,hop_3plus,0.0,0.0,0.0,0.0,16.957372665405273,16.957372665405273,17.32479476928711,17.32479476928711
speed_reduction,73,1.6099671125411987,300,0.0,False,hop_3plus,0.0,0.0,0.0,0.0,24.609439849853516,24.609439849853516,24.00016212463379,24.00016212463379
speed_reduction,73,1.6099671125411987,299,3.392394781112671,False,hop_3plus,0.0,0.0,0.0,0.0,19.107778549194336,19.107778549194336,18.260982513427734,18.260982513427734
speed_reduction,73,1.6099671125411987,298,8.276822090148926,False,hop_3plus,0.0,0.0,0.0,0.0,41.035133361816406,41.035133361816406,39.679351806640625,39.679351806640625
speed_reduction,73,1.6099671125411987,296,0.0,False,hop_3plus,0.0,0.0,0.0,0.0,19.306407928466797,19.306407928466797,20.70598602294922,20.70598602294922
speed_reduction,73,1.6099671125411987,295,0.0,False,hop_3plus,0.0,0.0,0.0,0.0,24.080720901489258,24.080720901489258,23.570104598999023,23.570104598999023
speed_reduction,73,1.6099671125411987,293,2.4974451065063477,False,hop_3plus,0.0,0.0,0.0,0.0,21.25196647644043,21.25196647644043,19.5899658203125,19.5899658203125
speed_reduction,73,1.6099671125411987,493,4.369692802429199,False,hop_3plus,0.0,0.0,0.0,0.0,27.145036697387695,27.145036697387695,26.81854248046875,26.81854248046875
speed_reduction,73,1.6099671125411987,291,0.0,False,hop_3plus,0.0,0.0,0.0,0.0,30.546844482421875,30.546844482421875,31.877254486083984,31.877254486083984
speed_reduction,73,1.6099671125411987,494,4.130129814147949,False,hop_3plus,0.0,0.0,0.0,0.0,22.22810173034668,22.22810173034668,21.245723724365234,21.245723724365234
speed_reduction,73,1.6099671125411987,495,0.0,False,hop_3plus,0.0,0.0,0.0,0.0,21.456003189086914,21.456003189086914,21.32715606689453,21.32715606689453
speed_reduction,73,1.6099671125411987,290,0.0,False,hop_3plus,0.0,0.0,0.0,0.0,20.734622955322266,20.734622955322266,20.336076736450195,20.336076736450195
speed_reduction,73,1.6099671125411987,289,1.9465340375900269,False,hop_3plus,0.0,0.0,0.0,0.0,26.166015625,26.166015625,26.073379516601562,26.073379516601562
speed_reduction,73,1.6099671125411987,496,0.0,False,hop_3plus,0.0,0.0,0.0,0.0,32.902225494384766,32.902225494384766,33.10029220581055,33.10029220581055
speed_reduction,73,1.6099671125411987,287,2.194899082183838,False,hop_3plus,0.0,0.0,0.0,0.0,43.51715850830078,43.51715850830078,44.509098052978516,44.509098052978516
speed_reduction,73,1.6099671125411987,286,0.0,False,hop_3plus,0.0,0.0,0.0,0.0,25.233142852783203,25.233142852783203,23.65312957763672,23.65312957763672
speed_reduction,73,1.6099671125411987,284,4.706862926483154,False,hop_3plus,0.0,0.0,0.0,0.0,32.81601333618164,32.81601333618164,36.703155517578125,36.703155517578125
speed_reduction,73,1.6099671125411987,283,1.7241735458374023,False,hop_3plus,0.0,0.0,0.0,0.0,23.35350799560547,23.35350799560547,21.873802185058594,21.873802185058594
speed_reduction,73,1.6099671125411987,497,0.0,False,hop_3plus,0.0,0.0,0.0,0.0,31.32847023010254,31.32847023010254,32.286827087402344,32.286827087402344
speed_reduction,73,1.6099671125411987,498,0.0,False,hop_3plus,0.0,0.0,0.0,0.0,28.177513122558594,28.177513122558594,29.321292877197266,29.321292877197266
speed_reduction,73,1.6099671125411987,491,0.0,False,hop_3plus,0.0,0.0,0.0,0.0,47.960514068603516,47.960514068603516,50.68990707397461,50.68990707397461
speed_reduction,73,1.6099671125411987,490,0.0,False,hop_3plus,0.0,0.0,0.0,0.0,15.96418285369873,15.96418285369873,16.99093246459961,16.99093246459961
speed_reduction,73,1.6099671125411987,328,0.0,False,hop_3plus,0.0,0.0,0.0,0.0,50.361446380615234,50.361446380615234,52.75856018066406,52.75856018066406
speed_reduction,73,1.6099671125411987,304,5.019132137298584,False,hop_3plus,0.0,0.0,0.0,0.0,32.885746002197266,32.885746002197266,33.064720153808594,33.064720153808594
speed_reduction,73,1.6099671125411987,327,0.0,False,hop_3plus,0.0,0.0,0.0,0.0,23.435815811157227,23.435815811157227,22.88055992126465,22.88055992126465
speed_reduction,73,1.6099671125411987,326,0.0,False,hop_3plus,0.0,0.0,0.0,0.0,23.7729549407959,23.7729549407959,23.94485092163086,23.94485092163086
speed_reduction,73,1.6099671125411987,325,0.0,False,hop_3plus,0.0,0.0,0.0,0.0,39.85957336425781,39.85957336425781,40.975929260253906,40.975929260253906
speed_reduction,73,1.6099671125411987,323,0.0,False,hop_3plus,0.0,0.0,0.0,0.0,19.558761596679688,19.558761596679688,20.39560317993164,20.39560317993164
speed_reduction,73,1.6099671125411987,322,6.123103141784668,False,hop_3plus,0.0,0.0,0.0,0.0,22.02239227294922,22.02239227294922,21.091033935546875,21.091033935546875
speed_reduction,73,1.6099671125411987,321,0.0,False,hop_3plus,0.0,0.0,0.0,0.0,24.22400665283203,24.22400665283203,24.668174743652344,24.668174743652344
speed_reduction,73,1.6099671125411987,320,3.489989995956421,False,hop_3plus,0.0,0.0,0.0,0.0,26.564525604248047,26.564525604248047,26.356359481811523,26.356359481811523
speed_reduction,73,1.6099671125411987,488,0.0,False,hop_3plus,0.0,0.0,0.0,0.0,25.892780303955078,25.892780303955078,26.259815216064453,26.259815216064453
speed_reduction,73,1.6099671125411987,489,6.376478672027588,False,hop_3plus,0.0,0.0,0.0,0.0,16.42603302001953,16.42603302001953,16.887285232543945,16.887285232543945
speed_reduction,73,1.6099671125411987,317,0.0,False,hop_3plus,0.0,0.0,0.0,0.0,40.555458068847656,40.555458068847656,42.90266418457031,42.90266418457031
speed_reduction,73,1.6099671125411987,316,0.0,False,hop_3plus,0.0,0.0,0.0,0.0,40.50707244873047,40.50707244873047,40.94218826293945,40.94218826293945
speed_reduction,73,1.6099671125411987,315,1.4787133932113647,False,hop_3plus,0.0,0.0,0.0,0.0,18.44074249267578,18.44074249267578,18.436925888061523,18.436925888061523
speed_reduction,73,1.6099671125411987,314,2.4413435459136963,False,hop_3plus,0.0,0.0,0.0,0.0,24.692543029785156,24.692543029785156,24.93109893798828,24.93109893798828
speed_reduction,73,1.6099671125411987,313,4.295158386230469,False,hop_3plus,0.0,0.0,0.0,0.0,27.066078186035156,27.066078186035156,24.03180694580078,24.03180694580078
speed_reduction,73,1.6099671125411987,312,0.0,False,hop_3plus,0.0,0.0,0.0,0.0,36.17298889160156,36.17298889160156,36.403167724609375,36.403167724609375
speed_reduction,73,1.6099671125411987,311,0.0,False,hop_3plus,0.0,0.0,0.0,0.0,15.63404369354248,15.63404369354248,16.098947525024414,16.098947525024414
speed_reduction,73,1.6099671125411987,310,0.0,False,hop_3plus,0.0,0.0,0.0,0.0,34.63292694091797,34.63292694091797,34.832801818847656,34.832801818847656
speed_reduction,73,1.6099671125411987,308,0.0,False,hop_3plus,0.0,0.0,0.0,0.0,15.120245933532715,15.120245933532715,16.760128021240234,16.760128021240234
speed_reduction,73,1.6099671125411987,307,9.745331764221191,False,hop_3plus,0.0,0.0,0.0,0.0,15.486967086791992,15.486967086791992,16.135150909423828,16.135150909423828
speed_reduction,73,1.6099671125411987,306,0.0,False,hop_3plus,0.0,0.0,0.0,0.0,33.1505126953125,33.1505126953125,33.98255920410156,33.98255920410156
speed_reduction,73,1.6099671125411987,305,0.0,False,hop_3plus,0.0,0.0,0.0,0.0,39.99930953979492,39.99930953979492,37.931236267089844,37.931236267089844
speed_reduction,73,1.6099671125411987,353,0.0,False,hop_3plus,0.0,0.0,0.0,0.0,42.06425857543945,42.06425857543945,44.245155334472656,44.245155334472656
speed_reduction,73,1.6099671125411987,368,0.7783788442611694,False,hop_3plus,0.0,0.0,0.0,0.0,18.232601165771484,18.232601165771484,18.508686065673828,18.508686065673828
speed_reduction,73,1.6099671125411987,354,0.0,False,hop_3plus,0.0,0.0,0.0,0.0,33.35374450683594,33.35374450683594,32.83535385131836,32.83535385131836
speed_reduction,73,1.6099671125411987,470,0.0,False,hop_3plus,0.0,0.0,0.0,0.0,37.439910888671875,37.439910888671875,35.76924133300781,35.76924133300781
speed_reduction,73,1.6099671125411987,472,0.0,False,hop_3plus,0.0,0.0,0.0,0.0,51.32221984863281,51.32221984863281,53.1014518737793,53.1014518737793
speed_reduction,73,1.6099671125411987,433,0.0,False,hop_3plus,0.0,0.0,0.0,0.0,66.35799407958984,66.35799407958984,65.60623168945312,65.60623168945312
speed_reduction,73,1.6099671125411987,431,0.0,False,hop_3plus,0.0,0.0,0.0,0.0,66.71637725830078,66.71637725830078,67.01055145263672,67.01055145263672
speed_reduction,73,1.6099671125411987,430,2.577305793762207,False,hop_3plus,0.0,0.0,0.0,0.0,54.74824523925781,54.74824523925781,56.376033782958984,56.376033782958984
speed_reduction,73,1.6099671125411987,429,0.0,False,hop_3plus,0.0,0.0,0.0,0.0,56.60620880126953,56.60620880126953,56.76011276245117,56.76011276245117
speed_reduction,73,1.6099671125411987,428,0.0,False,hop_3plus,0.0,0.0,0.0,0.0,56.94211959838867,56.94211959838867,56.78278350830078,56.78278350830078
speed_reduction,73,1.6099671125411987,427,0.0,False,hop_3plus,0.0,0.0,0.0,0.0,15.292336463928223,15.292336463928223,16.14073371887207,16.14073371887207
speed_reduction,73,1.6099671125411987,426,3.200918674468994,False,hop_3plus,0.0,0.0,0.0,0.0,22.03832244873047,22.03832244873047,19.731874465942383,19.731874465942383
speed_reduction,73,1.6099671125411987,425,2.5727226734161377,False,hop_3plus,0.0,0.0,0.0,0.0,33.981075286865234,33.981075286865234,33.84202575683594,33.84202575683594
speed_reduction,73,1.6099671125411987,424,0.9158903956413269,False,hop_3plus,0.0,0.0,0.0,0.0,16.960845947265625,16.960845947265625,16.347640991210938,16.347640991210938
speed_reduction,73,1.6099671125411987,423,0.0,False,hop_3plus,0.0,0.0,0.0,0.0,23.25363540649414,23.25363540649414,23.31498146057129,23.31498146057129
speed_reduction,73,1.6099671125411987,422,0.0,False,hop_3plus,0.0,0.0,0.0,0.0,18.1723575592041,18.1723575592041,17.6127872467041,17.6127872467041
speed_reduction,73,1.6099671125411987,421,0.0,False,hop_3plus,0.0,0.0,0.0,0.0,15.26237964630127,15.26237964630127,15.98648452758789,15.98648452758789
speed_reduction,73,1.6099671125411987,473,0.0,False,hop_3plus,0.0,0.0,0.0,0.0,48.77806091308594,48.77806091308594,51.11277770996094,51.11277770996094
speed_reduction,73,1.6099671125411987,418,1.366222620010376,False,hop_3plus,0.0,0.0,0.0,0.0,15.253397941589355,15.253397941589355,16.083938598632812,16.083938598632812
speed_reduction,73,1.6099671125411987,417,0.0,False,hop_3plus,0.0,0.0,0.0,0.0,42.916603088378906,42.916603088378906,43.01902389526367,43.01902389526367
speed_reduction,73,1.6099671125411987,416,3.490118980407715,False,hop_3plus,0.0,0.0,0.0,0.0,20.52401351928711,20.52401351928711,19.90121078491211,19.90121078491211
speed_reduction,73,1.6099671125411987,415,2.0347142219543457,False,hop_3plus,0.0,0.0,0.0,0.0,25.84018325805664,25.84018325805664,24.527320861816406,24.527320861816406
speed_reduction,73,1.6099671125411987,414,0.0,False,hop_3plus,0.0,0.0,0.0,0.0,27.002269744873047,27.002269744873047,27.56561279296875,27.56561279296875
speed_reduction,73,1.6099671125411987,474,0.0,False,hop_3plus,0.0,0.0,0.0,0.0,68.92606353759766,68.92606353759766,67.66614532470703,67.66614532470703
speed_reduction,73,1.6099671125411987,413,1.3875120878219604,False,hop_3plus,0.0,0.0,0.0,0.0,20.61928367614746,20.61928367614746,19.69612693786621,19.69612693786621
speed_reduction,73,1.6099671125411987,471,0.0,False,hop_3plus,0.0,0.0,0.0,0.0,18.278179168701172,18.278179168701172,19.156997680664062,19.156997680664062
speed_reduction,73,1.6099671125411987,436,0.0,False,hop_3plus,0.0,0.0,0.0,0.0,16.450271606445312,16.450271606445312,17.316722869873047,17.316722869873047
speed_reduction,73,1.6099671125411987,410,5.379906177520752,False,hop_3plus,0.0,0.0,0.0,0.0,33.98385238647461,33.98385238647461,28.92268180847168,28.92268180847168
speed_reduction,73,1.6099671125411987,438,4.21676778793335,False,hop_3plus,0.0,0.0,0.0,0.0,36.66773986816406,36.66773986816406,31.042545318603516,31.042545318603516
speed_reduction,73,1.6099671125411987,460,10.225114822387695,False,hop_3plus,0.0,0.0,0.0,0.0,29.41768455505371,29.41768455505371,25.005582809448242,25.005582809448242
speed_reduction,73,1.6099671125411987,459,0.0,False,hop_3plus,0.0,0.0,0.0,0.0,36.69163513183594,36.69163513183594,31.819942474365234,31.819942474365234
speed_reduction,73,1.6099671125411987,458,0.0,False,hop_3plus,0.0,0.0,0.0,0.0,24.439659118652344,24.439659118652344,23.60580825805664,23.60580825805664
speed_reduction,73,1.6099671125411987,464,0.0,False,hop_3plus,0.0,0.0,0.0,0.0,37.917545318603516,37.917545318603516,38.35908508300781,38.35908508300781
speed_reduction,73,1.6099671125411987,457,0.0,False,hop_3plus,0.0,0.0,0.0,0.0,16.782407760620117,16.782407760620117,17.165332794189453,17.165332794189453
speed_reduction,73,1.6099671125411987,465,0.0,False,hop_3plus,0.0,0.0,0.0,0.0,16.391685485839844,16.391685485839844,16.35609245300293,16.35609245300293
speed_reduction,73,1.6099671125411987,466,6.194011688232422,False,hop_3plus,0.0,0.0,0.0,0.0,26.92949676513672,26.92949676513672,21.92932891845703,21.92932891845703
speed_reduction,73,1.6099671125411987,454,2.9395110607147217,False,hop_3plus,0.0,0.0,0.0,0.0,32.565860748291016,32.565860748291016,37.2798957824707,37.2798957824707
speed_reduction,73,1.6099671125411987,453,4.141421318054199,False,hop_3plus,0.0,0.0,0.0,0.0,18.004348754882812,18.004348754882812,18.167020797729492,18.167020797729492
speed_reduction,73,1.6099671125411987,452,0.0,False,hop_3plus,0.0,0.0,0.0,0.0,37.64542770385742,37.64542770385742,37.149566650390625,37.149566650390625
speed_reduction,73,1.6099671125411987,451,0.0,False,hop_3plus,0.0,0.0,0.0,0.0,32.464473724365234,32.464473724365234,32.90401840209961,32.90401840209961
speed_reduction,73,1.6099671125411987,450,0.0,False,hop_3plus,0.0,0.0,0.0,0.0,32.71732711791992,32.71732711791992,31.915618896484375,31.915618896484375
speed_reduction,73,1.6099671125411987,449,0.0,False,hop_3plus,0.0,0.0,0.0,0.0,37.77060317993164,37.77060317993164,36.924835205078125,36.924835205078125
speed_reduction,73,1.6099671125411987,448,0.0,False,hop_3plus,0.0,0.0,0.0,0.0,18.888275146484375,18.888275146484375,18.93055534362793,18.93055534362793
speed_reduction,73,1.6099671125411987,447,1.7548800706863403,False,hop_3plus,0.0,0.0,0.0,0.0,41.73749923706055,41.73749923706055,43.01499938964844,43.01499938964844
speed_reduction,73,1.6099671125411987,446,4.147802829742432,False,hop_3plus,0.0,0.0,0.0,0.0,30.75856590270996,30.75856590270996,31.37874412536621,31.37874412536621
speed_reduction,73,1.6099671125411987,443,0.0,False,hop_3plus,0.0,0.0,0.0,0.0,29.37019157409668,29.37019157409668,30.451120376586914,30.451120376586914
speed_reduction,73,1.6099671125411987,442,0.0,False,hop_3plus,0.0,0.0,0.0,0.0,66.00556945800781,66.00556945800781,64.69902801513672,64.69902801513672
speed_reduction,73,1.6099671125411987,441,0.0,False,hop_3plus,0.0,0.0,0.0,0.0,52.172332763671875,52.172332763671875,55.47840118408203,55.47840118408203
speed_reduction,73,1.6099671125411987,468,2.551859140396118,False,hop_3plus,0.0,0.0,0.0,0.0,16.49188232421875,16.49188232421875,16.65859031677246,16.65859031677246
speed_reduction,73,1.6099671125411987,439,0.0,False,hop_3plus,0.0,0.0,0.0,0.0,19.99679946899414,19.99679946899414,19.34820556640625,19.34820556640625
speed_reduction,73,1.6099671125411987,412,0.0,False,hop_3plus,0.0,0.0,0.0,0.0,43.254432678222656,43.254432678222656,43.91204833984375,43.91204833984375
speed_reduction,73,1.6099671125411987,409,0.0,False,hop_3plus,0.0,0.0,0.0,0.0,31.74747657775879,31.74747657775879,33.11384582519531,33.11384582519531
speed_reduction,73,1.6099671125411987,355,0.0,False,hop_3plus,0.0,0.0,0.0,0.0,26.044151306152344,26.044151306152344,26.570945739746094,26.570945739746094
speed_reduction,73,1.6099671125411987,480,0.0,False,hop_3plus,0.0,0.0,0.0,0.0,26.999439239501953,26.999439239501953,28.089054107666016,28.089054107666016
speed_reduction,73,1.6099671125411987,378,0.0,False,hop_3plus,0.0,0.0,0.0,0.0,33.67433547973633,33.67433547973633,32.84388732910156,32.84388732910156
speed_reduction,73,1.6099671125411987,377,0.0,False,hop_3plus,0.0,0.0,0.0,0.0,33.48633575439453,33.48633575439453,33.00881576538086,33.00881576538086
speed_reduction,73,1.6099671125411987,376,2.2328550815582275,False,hop_3plus,0.0,0.0,0.0,0.0,17.621654510498047,17.621654510498047,17.76299285888672,17.76299285888672
speed_reduction,73,1.6099671125411987,375,3.52319073677063,False,hop_3plus,0.0,0.0,0.0,0.0,21.53852653503418,21.53852653503418,21.58458709716797,21.58458709716797
speed_reduction,73,1.6099671125411987,374,2.3631253242492676,False,hop_3plus,0.0,0.0,0.0,0.0,25.78631019592285,25.78631019592285,25.561168670654297,25.561168670654297
speed_reduction,73,1.6099671125411987,373,0.0,False,hop_3plus,0.0,0.0,0.0,0.0,27.549110412597656,27.549110412597656,27.847442626953125,27.847442626953125
speed_reduction,73,1.6099671125411987,372,4.9158148765563965,False,hop_3plus,0.0,0.0,0.0,0.0,29.21162223815918,29.21162223815918,31.01978302001953,31.01978302001953
speed_reduction,73,1.6099671125411987,371,2.435943365097046,False,hop_3plus,0.0,0.0,0.0,0.0,30.12781524658203,30.12781524658203,30.821590423583984,30.821590423583984
speed_reduction,73,1.6099671125411987,370,1.6648234128952026,False,hop_3plus,0.0,0.0,0.0,0.0,35.22034454345703,35.22034454345703,36.30604553222656,36.30604553222656
speed_reduction,73,1.6099671125411987,481,3.8385214805603027,False,hop_3plus,0.0,0.0,0.0,0.0,25.855037689208984,25.855037689208984,25.5484619140625,25.5484619140625
speed_reduction,73,1.6099671125411987,482,0.0,False,hop_3plus,0.0,0.0,0.0,0.0,38.66661071777344,38.66661071777344,37.91749572753906,37.91749572753906
speed_reduction,73,1.6099671125411987,369,3.11152720451355,False,hop_3plus,0.0,0.0,0.0,0.0,43.81962585449219,43.81962585449219,45.278541564941406,45.278541564941406
speed_reduction,73,1.6099671125411987,484,0.0,False,hop_3plus,0.0,0.0,0.0,0.0,18.074180603027344,18.074180603027344,18.70050811767578,18.70050811767578
speed_reduction,73,1.6099671125411987,365,0.0,False,hop_3plus,0.0,0.0,0.0,0.0,19.073589324951172,19.073589324951172,19.494293212890625,19.494293212890625
speed_reduction,73,1.6099671125411987,364,3.3069558143615723,False,hop_3plus,0.0,0.0,0.0,0.0,26.8189754486084,26.8189754486084,25.80274200439453,25.80274200439453
speed_reduction,73,1.6099671125411987,363,1.0445564985275269,False,hop_3plus,0.0,0.0,0.0,0.0,25.83793067932129,25.83793067932129,25.720138549804688,25.720138549804688
speed_reduction,73,1.6099671125411987,362,0.0,False,hop_3plus,0.0,0.0,0.0,0.0,28.319841384887695,28.319841384887695,28.464664459228516,28.464664459228516
speed_reduction,73,1.6099671125411987,361,3.174787998199463,False,hop_3plus,0.0,0.0,0.0,0.0,25.053668975830078,25.053668975830078,23.823808670043945,23.823808670043945
speed_reduction,73,1.6099671125411987,360,0.0,False,hop_3plus,0.0,0.0,0.0,0.0,25.000394821166992,25.000394821166992,24.134302139282227,24.134302139282227
speed_reduction,73,1.6099671125411987,357,0.0,False,hop_3plus,0.0,0.0,0.0,0.0,19.51348304748535,19.51348304748535,17.746715545654297,17.746715545654297
speed_reduction,73,1.6099671125411987,356,6.044584274291992,False,hop_3plus,0.0,0.0,0.0,0.0,42.18898010253906,42.18898010253906,39.44190979003906,39.44190979003906
speed_reduction,73,1.6099671125411987,379,0.0,False,hop_3plus,0.0,0.0,0.0,0.0,15.568283081054688,15.568283081054688,16.1960506439209,16.1960506439209
speed_reduction,73,1.6099671125411987,479,1.6041830778121948,False,hop_3plus,0.0,0.0,0.0,0.0,21.06867790222168,21.06867790222168,20.38178062438965,20.38178062438965
speed_reduction,73,1.6099671125411987,408,0.0,False,hop_3plus,0.0,0.0,0.0,0.0,24.158485412597656,24.158485412597656,23.907278060913086,23.907278060913086
speed_reduction,73,1.6099671125411987,382,0.0,False,hop_3plus,0.0,0.0,0.0,0.0,18.46813201904297,18.46813201904297,19.075605392456055,19.075605392456055
speed_reduction,73,1.6099671125411987,407,0.0,False,hop_3plus,0.0,0.0,0.0,0.0,42.643863677978516,42.643863677978516,44.26420593261719,44.26420593261719
speed_reduction,73,1.6099671125411987,406,0.0,False,hop_3plus,0.0,0.0,0.0,0.0,42.77662658691406,42.77662658691406,44.67414474487305,44.67414474487305
speed_reduction,73,1.6099671125411987,405,0.0,False,hop_3plus,0.0,0.0,0.0,0.0,40.585140228271484,40.585140228271484,35.79924392700195,35.79924392700195
speed_reduction,73,1.6099671125411987,403,7.652134895324707,False,hop_3plus,0.0,0.0,0.0,0.0,38.8069953918457,38.8069953918457,36.545440673828125,36.545440673828125
speed_reduction,73,1.6099671125411987,402,0.5493061542510986,False,hop_3plus,0.0,0.0,0.0,0.0,19.267549514770508,19.267549514770508,19.41010284423828,19.41010284423828
speed_reduction,73,1.6099671125411987,401,0.0,False,hop_3plus,0.0,0.0,0.0,0.0,17.077396392822266,17.077396392822266,17.96318817138672,17.96318817138672
speed_reduction,73,1.6099671125411987,399,0.0,False,hop_3plus,0.0,0.0,0.0,0.0,33.42978286743164,33.42978286743164,34.06068420410156,34.06068420410156
speed_reduction,73,1.6099671125411987,398,1.9791791439056396,False,hop_3plus,0.0,0.0,0.0,0.0,31.71640396118164,31.71640396118164,31.67119598388672,31.67119598388672
speed_reduction,73,1.6099671125411987,397,0.0,False,hop_3plus,0.0,0.0,0.0,0.0,36.575286865234375,36.575286865234375,36.51652526855469,36.51652526855469
speed_reduction,73,1.6099671125411987,396,2.5100719928741455,False,hop_3plus,0.0,0.0,0.0,0.0,41.69300842285156,41.69300842285156,42.15801239013672,42.15801239013672
speed_reduction,73,1.6099671125411987,395,0.0,False,hop_3plus,0.0,0.0,0.0,0.0,19.664478302001953,19.664478302001953,19.156461715698242,19.156461715698242
speed_reduction,73,1.6099671125411987,394,0.0,False,hop_3plus,0.0,0.0,0.0,0.0,24.140886306762695,24.140886306762695,24.43401336669922,24.43401336669922
speed_reduction,73,1.6099671125411987,393,6.257467269897461,False,hop_3plus,0.0,0.0,0.0,0.0,40.17414855957031,40.17414855957031,40.1567268371582,40.1567268371582
speed_reduction,73,1.6099671125411987,392,0.0,False,hop_3plus,0.0,0.0,0.0,0.0,25.739543914794922,25.739543914794922,25.254531860351562,25.254531860351562
speed_reduction,73,1.6099671125411987,391,0.0,False,hop_3plus,0.0,0.0,0.0,0.0,42.34742736816406,42.34742736816406,41.90419387817383,41.90419387817383
speed_reduction,73,1.6099671125411987,390,0.0,False,hop_3plus,0.0,0.0,0.0,0.0,32.72740936279297,32.72740936279297,33.241031646728516,33.241031646728516
speed_reduction,73,1.6099671125411987,389,0.7551062107086182,False,hop_3plus,0.0,0.0,0.0,0.0,40.95050811767578,40.95050811767578,40.96231460571289,40.96231460571289
speed_reduction,73,1.6099671125411987,388,0.0,False,hop_3plus,0.0,0.0,0.0,0.0,18.78925323486328,18.78925323486328,17.371227264404297,17.371227264404297
speed_reduction,73,1.6099671125411987,387,9.31393051147461,False,hop_3plus,0.0,0.0,0.0,0.0,42.678680419921875,42.678680419921875,46.83460235595703,46.83460235595703
speed_reduction,73,1.6099671125411987,478,0.0,False,hop_3plus,0.0,0.0,0.0,0.0,26.511165618896484,26.511165618896484,27.96002769470215,27.96002769470215
speed_reduction,73,1.6099671125411987,383,0.0,False,hop_3plus,0.0,0.0,0.0,0.0,34.20258712768555,34.20258712768555,32.63714599609375,32.63714599609375
speed_reduction,73,1.6099671125411987,386,0.0,False,hop_3plus,0.0,0.0,0.0,0.0,41.66725158691406,41.66725158691406,41.22285461425781,41.22285461425781
speed_reduction,73,1.6099671125411987,0,0.0,False,hop_3plus,0.0,0.0,0.0,0.0,21.289836883544922,21.289836883544922,20.600200653076172,20.600200653076172
speed_reduction,73,1.6099671125411987,279,0.0,False,hop_3plus,0.0,0.0,0.0,0.0,18.841419219970703,18.841419219970703,18.8316650390625,18.8316650390625
speed_reduction,73,1.6099671125411987,86,0.0,False,hop_3plus,0.0,0.0,0.0,0.0,32.72825241088867,32.72825241088867,33.154266357421875,33.154266357421875
speed_reduction,73,1.6099671125411987,98,7.319791316986084,False,hop_3plus,0.0,0.0,0.0,0.0,23.192848205566406,23.192848205566406,19.017955780029297,19.017955780029297
speed_reduction,73,1.6099671125411987,97,0.0,False,hop_3plus,0.0,0.0,0.0,0.0,55.10624694824219,55.10624694824219,56.49510192871094,56.49510192871094
speed_reduction,73,1.6099671125411987,96,0.0,False,hop_3plus,0.0,0.0,0.0,0.0,26.22101593017578,26.22101593017578,24.643741607666016,24.643741607666016
speed_reduction,73,1.6099671125411987,95,1.936521053314209,False,hop_3plus,0.0,0.0,0.0,0.0,34.1212272644043,34.1212272644043,33.32624435424805,33.32624435424805
speed_reduction,73,1.6099671125411987,94,0.0,False,hop_3plus,0.0,0.0,0.0,0.0,25.42540168762207,25.42540168762207,24.635446548461914,24.635446548461914
speed_reduction,73,1.6099671125411987,93,1.1121290922164917,False,hop_3plus,0.0,0.0,0.0,0.0,33.37620162963867,33.37620162963867,33.59333419799805,33.59333419799805
speed_reduction,73,1.6099671125411987,92,0.0,False,hop_3plus,0.0,0.0,0.0,0.0,19.170204162597656,19.170204162597656,18.744640350341797,18.744640350341797
speed_reduction,73,1.6099671125411987,91,0.4023594856262207,False,hop_3plus,0.0,0.0,0.0,0.0,24.078210830688477,24.078210830688477,23.779184341430664,23.779184341430664
speed_reduction,73,1.6099671125411987,90,0.0,False,hop_3plus,0.0,0.0,0.0,0.0,24.10878562927246,24.10878562927246,21.891916275024414,21.891916275024414
speed_reduction,73,1.6099671125411987,89,4.590925216674805,False,hop_3plus,0.0,0.0,0.0,0.0,25.181692123413086,25.181692123413086,24.53949737548828,24.53949737548828
speed_reduction,73,1.6099671125411987,87,1.04741370677948,False,hop_3plus,0.0,0.0,0.0,0.0,25.520793914794922,25.520793914794922,24.95429229736328,24.95429229736328
speed_reduction,73,1.6099671125411987,85,0.0,False,hop_3plus,0.0,0.0,0.0,0.0,38.85715103149414,38.85715103149414,38.22263717651367,38.22263717651367
speed_reduction,73,1.6099671125411987,100,0.0,False,hop_3plus,0.0,0.0,0.0,0.0,33.477928161621094,33.477928161621094,34.896148681640625,34.896148681640625
speed_reduction,73,1.6099671125411987,81,1.8033039569854736,False,hop_3plus,0.0,0.0,0.0,0.0,22.131629943847656,22.131629943847656,22.211973190307617,22.211973190307617
speed_reduction,73,1.6099671125411987,78,0.0,False,hop_3plus,0.0,0.0,0.0,0.0,30.410085678100586,30.410085678100586,31.18056869506836,31.18056869506836
speed_reduction,73,1.6099671125411987,77,0.0,False,hop_3plus,0.0,0.0,0.0,0.0,35.60231018066406,35.60231018066406,35.253597259521484,35.253597259521484
speed_reduction,73,1.6099671125411987,76,0.0,False,hop_3plus,0.0,0.0,0.0,0.0,40.967063903808594,40.967063903808594,41.19029235839844,41.19029235839844
speed_reduction,73,1.6099671125411987,75,0.0,False,hop_3plus,0.0,0.0,0.0,0.0,17.891342163085938,17.891342163085938,17.69889259338379,17.69889259338379
speed_reduction,73,1.6099671125411987,74,0.0,False,hop_3plus,0.0,0.0,0.0,0.0,21.83800506591797,21.83800506591797,22.754695892333984,22.754695892333984
speed_reduction,73,1.6099671125411987,72,9.922914505004883,False,hop_3plus,0.0,0.0,0.0,0.0,27.726072311401367,27.726072311401367,25.34056854248047,25.34056854248047
speed_reduction,73,1.6099671125411987,70,0.0,False,hop_3plus,0.0,0.0,0.0,0.0,34.9270133972168,34.9270133972168,34.622276306152344,34.622276306152344
speed_reduction,73,1.6099671125411987,69,0.0,False,hop_3plus,0.0,0.0,0.0,0.0,38.5692253112793,38.5692253112793,39.05409622192383,39.05409622192383
speed_reduction,73,1.6099671125411987,68,0.0,False,hop_3plus,0.0,0.0,0.0,0.0,32.6207275390625,32.6207275390625,32.79331970214844,32.79331970214844
speed_reduction,73,1.6099671125411987,67,2.413844585418701,False,hop_3plus,0.0,0.0,0.0,0.0,47.559051513671875,47.559051513671875,49.33976745605469,49.33976745605469
speed_reduction,73,1.6099671125411987,99,1.715558648109436,False,hop_3plus,0.0,0.0,0.0,0.0,16.947490692138672,16.947490692138672,17.284421920776367,17.284421920776367
speed_reduction,73,1.6099671125411987,101,2.1042051315307617,False,hop_3plus,0.0,0.0,0.0,0.0,50.78860855102539,50.78860855102539,53.768978118896484,53.768978118896484
speed_reduction,73,1.6099671125411987,278,3.7062737941741943,False,hop_3plus,0.0,0.0,0.0,0.0,26.00967788696289,26.00967788696289,23.94287872314453,23.94287872314453
speed_reduction,73,1.6099671125411987,118,6.5865888595581055,False,hop_3plus,0.0,0.0,0.0,0.0,33.01515579223633,33.01515579223633,32.822357177734375,32.822357177734375
speed_reduction,73,1.6099671125411987,131,0.9972460269927979,False,hop_3plus,0.0,0.0,0.0,0.0,49.42056655883789,49.42056655883789,51.66000747680664,51.66000747680664
speed_reduction,73,1.6099671125411987,129,0.0,False,hop_3plus,0.0,0.0,0.0,0.0,29.169525146484375,29.169525146484375,30.435569763183594,30.435569763183594
speed_reduction,73,1.6099671125411987,128,0.0,False,hop_3plus,0.0,0.0,0.0,0.0,33.66355895996094,33.66355895996094,37.799381256103516,37.799381256103516
speed_reduction,73,1.6099671125411987,126,3.8768444061279297,False,hop_3plus,0.0,0.0,0.0,0.0,21.653934478759766,21.653934478759766,21.85177230834961,21.85177230834961
speed_reduction,73,1.6099671125411987,125,0.0,False,hop_3plus,0.0,0.0,0.0,0.0,41.731346130371094,41.731346130371094,34.86431121826172,34.86431121826172
speed_reduction,73,1.6099671125411987,124,0.0,False,hop_3plus,0.0,0.0,0.0,0.0,38.855403900146484,38.855403900146484,38.215633392333984,38.215633392333984
speed_reduction,73,1.6099671125411987,123,0.0,False,hop_3plus,0.0,0.0,0.0,0.0,33.254356384277344,33.254356384277344,33.58728790283203,33.58728790283203
speed_reduction,73,1.6099671125411987,122,0.0,False,hop_3plus,0.0,0.0,0.0,0.0,42.11379623413086,42.11379623413086,43.80257797241211,43.80257797241211
speed_reduction,73,1.6099671125411987,121,0.6412373185157776,False,hop_3plus,0.0,0.0,0.0,0.0,39.098350524902344,39.098350524902344,38.57273483276367,38.57273483276367
speed_reduction,73,1.6099671125411987,120,4.393348693847656,False,hop_3plus,0.0,0.0,0.0,0.0,22.088443756103516,22.088443756103516,17.919048309326172,17.919048309326172
speed_reduction,73,1.6099671125411987,119,4.0209197998046875,False,hop_3plus,0.0,0.0,0.0,0.0,31.610979080200195,31.610979080200195,33.524478912353516,33.524478912353516
speed_reduction,73,1.6099671125411987,117,2.74007511138916,False,hop_3plus,0.0,0.0,0.0,0.0,23.842227935791016,23.842227935791016,21.066062927246094,21.066062927246094
speed_reduction,73,1.6099671125411987,102,0.0,False,hop_3plus,0.0,0.0,0.0,0.0,36.20103073120117,36.20103073120117,37.14707946777344,37.14707946777344
speed_reduction,73,1.6099671125411987,116,0.0,False,hop_3plus,0.0,0.0,0.0,0.0,31.47553825378418,31.47553825378418,30.991886138916016,30.991886138916016
speed_reduction,73,1.6099671125411987,115,0.0,False,hop_3plus,0.0,0.0,0.0,0.0,38.456520080566406,38.456520080566406,38.257389068603516,38.257389068603516
speed_reduction,73,1.6099671125411987,114,0.0,False,hop_3plus,0.0,0.0,0.0,0.0,18.679330825805664,18.679330825805664,18.683998107910156,18.683998107910156
speed_reduction,73,1.6099671125411987,113,0.0,False,hop_3plus,0.0,0.0,0.0,0.0,30.586204528808594,30.586204528808594,31.89557647705078,31.89557647705078
speed_reduction,73,1.6099671125411987,111,0.0,False,hop_3plus,0.0,0.0,0.0,0.0,16.710073471069336,16.710073471069336,17.449440002441406,17.449440002441406
speed_reduction,73,1.6099671125411987,110,2.5055065155029297,False,hop_3plus,0.0,0.0,0.0,0.0,28.45794677734375,28.45794677734375,28.502973556518555,28.502973556518555
speed_reduction,73,1.6099671125411987,108,5.347357273101807,False,hop_3plus,0.0,0.0,0.0,0.0,16.68581771850586,16.68581771850586,16.443941116333008,16.443941116333008
speed_reduction,73,1.6099671125411987,107,3.493847370147705,False,hop_3plus,0.0,0.0,0.0,0.0,21.865760803222656,21.865760803222656,19.9027156829834,19.9027156829834
speed_reduction,73,1.6099671125411987,106,0.0,False,hop_3plus,0.0,0.0,0.0,0.0,15.35179615020752,15.35179615020752,15.767952919006348,15.767952919006348
speed_reduction,73,1.6099671125411987,104,0.0,False,hop_3plus,0.0,0.0,0.0,0.0,35.86460876464844,35.86460876464844,34.751277923583984,34.751277923583984
speed_reduction,73,1.6099671125411987,103,4.075033187866211,False,hop_3plus,0.0,0.0,0.0,0.0,24.228012084960938,24.228012084960938,21.200271606445312,21.200271606445312
speed_reduction,73,1.6099671125411987,66,0.3131907284259796,False,hop_3plus,0.0,0.0,0.0,0.0,18.325359344482422,18.325359344482422,18.07729148864746,18.07729148864746
speed_reduction,73,1.6099671125411987,65,0.0,False,hop_3plus,0.0,0.0,0.0,0.0,37.56626510620117,37.56626510620117,37.03852844238281,37.03852844238281
speed_reduction,73,1.6099671125411987,64,10.59918212890625,False,hop_3plus,0.0,0.0,0.0,0.0,16.894638061523438,16.894638061523438,17.476760864257812,17.476760864257812
speed_reduction,73,1.6099671125411987,17,5.975911617279053,False,hop_3plus,0.0,0.0,0.0,0.0,50.18773651123047,50.18773651123047,52.59986877441406,52.59986877441406
speed_reduction,73,1.6099671125411987,30,2.46128249168396,False,hop_3plus,0.0,0.0,0.0,0.0,28.93138313293457,28.93138313293457,29.20885467529297,29.20885467529297
speed_reduction,73,1.6099671125411987,29,0.0,False,hop_3plus,0.0,0.0,0.0,0.0,29.803462982177734,29.803462982177734,28.619367599487305,28.619367599487305
speed_reduction,73,1.6099671125411987,27,0.0,False,hop_3plus,0.0,0.0,0.0,0.0,42.620418548583984,42.620418548583984,43.91471862792969,43.91471862792969
speed_reduction,73,1.6099671125411987,26,0.0,False,hop_3plus,0.0,0.0,0.0,0.0,28.11608123779297,28.11608123779297,28.504478454589844,28.504478454589844
speed_reduction,73,1.6099671125411987,25,3.396411418914795,False,hop_3plus,0.0,0.0,0.0,0.0,31.546844482421875,31.546844482421875,31.48276710510254,31.48276710510254
speed_reduction,73,1.6099671125411987,24,9.250627517700195,False,hop_3plus,0.0,0.0,0.0,0.0,39.14338684082031,39.14338684082031,39.60716247558594,39.60716247558594
speed_reduction,73,1.6099671125411987,23,2.1552531719207764,False,hop_3plus,0.0,0.0,0.0,0.0,38.236507415771484,38.236507415771484,37.60198974609375,37.60198974609375
speed_reduction,73,1.6099671125411987,22,0.0,False,hop_3plus,0.0,0.0,0.0,0.0,26.15239715576172,26.15239715576172,26.540483474731445,26.540483474731445
speed_reduction,73,1.6099671125411987,21,5.600968360900879,False,hop_3plus,0.0,0.0,0.0,0.0,36.78794860839844,36.78794860839844,35.89759826660156,35.89759826660156
speed_reduction,73,1.6099671125411987,20,0.0,False,hop_3plus,0.0,0.0,0.0,0.0,45.648250579833984,45.648250579833984,46.81235885620117,46.81235885620117
speed_reduction,73,1.6099671125411987,18,0.0,False,hop_3plus,0.0,0.0,0.0,0.0,33.693992614746094,33.693992614746094,33.02406311035156,33.02406311035156
speed_reduction,73,1.6099671125411987,16,0.0,False,hop_3plus,0.0,0.0,0.0,0.0,37.58159255981445,37.58159255981445,37.120304107666016,37.120304107666016
speed_reduction,73,1.6099671125411987,62,0.0,False,hop_3plus,0.0,0.0,0.0,0.0,23.686323165893555,23.686323165893555,23.039823532104492,23.039823532104492
speed_reduction,73,1.6099671125411987,14,1.712531566619873,False,hop_3plus,0.0,0.0,0.0,0.0,24.044750213623047,24.044750213623047,23.739612579345703,23.739612579345703
speed_reduction,73,1.6099671125411987,13,1.2120290994644165,False,hop_3plus,0.0,0.0,0.0,0.0,32.11970520019531,32.11970520019531,31.36673355102539,31.36673355102539
speed_reduction,73,1.6099671125411987,12,0.0,False,hop_3plus,0.0,0.0,0.0,0.0,16.601341247558594,16.601341247558594,17.167137145996094,17.167137145996094
speed_reduction,73,1.6099671125411987,11,5.372692108154297,False,hop_3plus,0.0,0.0,0.0,0.0,27.403478622436523,27.403478622436523,28.103065490722656,28.103065490722656
speed_reduction,73,1.6099671125411987,10,0.0,False,hop_3plus,0.0,0.0,0.0,0.0,28.079282760620117,28.079282760620117,29.009056091308594,29.009056091308594
speed_reduction,73,1.6099671125411987,8,1.1905434131622314,False,hop_3plus,0.0,0.0,0.0,0.0,32.52902603149414,32.52902603149414,32.990821838378906,32.990821838378906
speed_reduction,73,1.6099671125411987,7,0.0,False,hop_3plus,0.0,0.0,0.0,0.0,32.09254455566406,32.09254455566406,31.615325927734375,31.615325927734375
speed_reduction,73,1.6099671125411987,6,4.480953693389893,False,hop_3plus,0.0,0.0,0.0,0.0,18.185998916625977,18.185998916625977,18.120389938354492,18.120389938354492
speed_reduction,73,1.6099671125411987,5,9.436257362365723,False,hop_3plus,0.0,0.0,0.0,0.0,30.56060791015625,30.56060791015625,32.474857330322266,32.474857330322266
speed_reduction,73,1.6099671125411987,3,2.5586111545562744,False,hop_3plus,0.0,0.0,0.0,0.0,32.88259506225586,32.88259506225586,32.33699035644531,32.33699035644531
speed_reduction,73,1.6099671125411987,2,8.394872665405273,False,hop_3plus,0.0,0.0,0.0,0.0,27.803926467895508,27.803926467895508,28.70340919494629,28.70340919494629
speed_reduction,73,1.6099671125411987,31,3.8743648529052734,False,hop_3plus,0.0,0.0,0.0,0.0,38.137413024902344,38.137413024902344,32.343318939208984,32.343318939208984
speed_reduction,73,1.6099671125411987,32,0.0,False,hop_3plus,0.0,0.0,0.0,0.0,28.355064392089844,28.355064392089844,27.48225975036621,27.48225975036621
speed_reduction,73,1.6099671125411987,33,0.0,False,hop_3plus,0.0,0.0,0.0,0.0,36.93278884887695,36.93278884887695,27.74559783935547,27.74559783935547
speed_reduction,73,1.6099671125411987,34,0.0,False,hop_3plus,0.0,0.0,0.0,0.0,41.295997619628906,41.295997619628906,42.6641731262207,42.6641731262207
speed_reduction,73,1.6099671125411987,61,0.0,False,hop_3plus,0.0,0.0,0.0,0.0,28.641828536987305,28.641828536987305,28.654462814331055,28.654462814331055
speed_reduction,73,1.6099671125411987,60,0.0,False,hop_3plus,0.0,0.0,0.0,0.0,39.08271789550781,39.08271789550781,38.44342041015625,38.44342041015625
speed_reduction,73,1.6099671125411987,59,0.0,False,hop_3plus,0.0,0.0,0.0,0.0,28.04147720336914,28.04147720336914,26.941699981689453,26.941699981689453
speed_reduction,73,1.6099671125411987,58,0.0,False,hop_3plus,0.0,0.0,0.0,0.0,67.68395233154297,67.68395233154297,67.45768737792969,67.45768737792969
speed_reduction,73,1.6099671125411987,57,8.242106437683105,False,hop_3plus,0.0,0.0,0.0,0.0,24.878219604492188,24.878219604492188,23.746219635009766,23.746219635009766
speed_reduction,73,1.6099671125411987,56,0.0,False,hop_3plus,0.0,0.0,0.0,0.0,36.60794448852539,36.60794448852539,37.14523696899414,37.14523696899414
speed_reduction,73,1.6099671125411987,55,0.0,False,hop_3plus,0.0,0.0,0.0,0.0,28.135597229003906,28.135597229003906,28.78356170654297,28.78356170654297
speed_reduction,73,1.6099671125411987,54,5.125790596008301,False,hop_3plus,0.0,0.0,0.0,0.0,31.53310775756836,31.53310775756836,30.68260383605957,30.68260383605957
speed_reduction,73,1.6099671125411987,53,0.67701256275177,False,hop_3plus,0.0,0.0,0.0,0.0,31.919612884521484,31.919612884521484,30.810293197631836,30.810293197631836
speed_reduction,73,1.6099671125411987,51,0.0,False,hop_3plus,0.0,0.0,0.0,0.0,42.5554084777832,42.5554084777832,43.93402862548828,43.93402862548828
speed_reduction,73,1.6099671125411987,49,0.0,False,hop_3plus,0.0,0.0,0.0,0.0,34.99335861206055,34.99335861206055,34.508087158203125,34.508087158203125
speed_reduction,73,1.6099671125411987,48,6.096751689910889,False,hop_3plus,0.0,0.0,0.0,0.0,41.56789779663086,41.56789779663086,32.17215347290039,32.17215347290039
speed_reduction,73,1.6099671125411987,47,0.0,False,hop_3plus,0.0,0.0,0.0,0.0,34.32740020751953,34.32740020751953,34.39908981323242,34.39908981323242
speed_reduction,73,1.6099671125411987,46,0.0,False,hop_3plus,0.0,0.0,0.0,0.0,18.988399505615234,18.988399505615234,17.617128372192383,17.617128372192383
speed_reduction,73,1.6099671125411987,45,0.0,False,hop_3plus,0.0,0.0,0.0,0.0,26.05353546142578,26.05353546142578,25.96834945678711,25.96834945678711
speed_reduction,73,1.6099671125411987,44,4.921906471252441,False,hop_3plus,0.0,0.0,0.0,0.0,34.64193344116211,34.64193344116211,33.90373992919922,33.90373992919922
speed_reduction,73,1.6099671125411987,43,4.683236598968506,False,hop_3plus,0.0,0.0,0.0,0.0,32.114925384521484,32.114925384521484,30.105037689208984,30.105037689208984
speed_reduction,73,1.6099671125411987,42,4.617856979370117,False,hop_3plus,0.0,0.0,0.0,0.0,21.560775756835938,21.560775756835938,19.51279067993164,19.51279067993164
speed_reduction,73,1.6099671125411987,41,0.0,False,hop_3plus,0.0,0.0,0.0,0.0,18.653656005859375,18.653656005859375,18.82426643371582,18.82426643371582
speed_reduction,73,1.6099671125411987,40,0.0,False,hop_3plus,0.0,0.0,0.0,0.0,41.908103942871094,41.908103942871094,34.83426284790039,34.83426284790039
speed_reduction,73,1.6099671125411987,37,3.216048240661621,False,hop_3plus,0.0,0.0,0.0,0.0,21.867639541625977,21.867639541625977,20.376636505126953,20.376636505126953
speed_reduction,73,1.6099671125411987,36,0.0,False,hop_3plus,0.0,0.0,0.0,0.0,30.52227783203125,30.52227783203125,33.028770446777344,33.028770446777344
speed_reduction,73,1.6099671125411987,35,0.5198603868484497,False,hop_3plus,0.0,0.0,0.0,0.0,66.53279113769531,66.53279113769531,67.1373519897461,67.1373519897461
speed_reduction,73,1.6099671125411987,132,0.0,False,hop_3plus,0.0,0.0,0.0,0.0,23.593791961669922,23.593791961669922,23.53346824645996,23.53346824645996
speed_reduction,73,1.6099671125411987,133,0.0,False,hop_3plus,0.0,0.0,0.0,0.0,24.55183982849121,24.55183982849121,21.555103302001953,21.555103302001953
speed_reduction,73,1.6099671125411987,135,0.0,False,hop_3plus,0.0,0.0,0.0,0.0,37.582611083984375,37.582611083984375,37.186222076416016,37.186222076416016
speed_reduction,73,1.6099671125411987,226,0.0,False,hop_3plus,0.0,0.0,0.0,0.0,45.862892150878906,45.862892150878906,40.87812805175781,40.87812805175781
speed_reduction,73,1.6099671125411987,241,0.0,False,hop_3plus,0.0,0.0,0.0,0.0,39.24602127075195,39.24602127075195,38.76936721801758,38.76936721801758
speed_reduction,73,1.6099671125411987,240,0.0,False,hop_3plus,0.0,0.0,0.0,0.0,19.084163665771484,19.084163665771484,19.249610900878906,19.249610900878906
speed_reduction,73,1.6099671125411987,239,0.0,False,hop_3plus,0.0,0.0,0.0,0.0,26.66748046875,26.66748046875,25.39715576171875,25.39715576171875
speed_reduction,73,1.6099671125411987,238,0.0,False,hop_3plus,0.0,0.0,0.0,0.0,15.424738883972168,15.424738883972168,15.909707069396973,15.909707069396973
speed_reduction,73,1.6099671125411987,237,2.602482318878174,False,hop_3plus,0.0,0.0,0.0,0.0,15.83455753326416,15.83455753326416,16.1491641998291,16.1491641998291
speed_reduction,73,1.6099671125411987,235,5.784543037414551,False,hop_3plus,0.0,0.0,0.0,0.0,40.07747268676758,40.07747268676758,34.94925308227539,34.94925308227539
speed_reduction,73,1.6099671125411987,234,0.0,False,hop_3plus,0.0,0.0,0.0,0.0,32.77219009399414,32.77219009399414,33.26457595825195,33.26457595825195
speed_reduction,73,1.6099671125411987,232,0.5878438353538513,False,hop_3plus,0.0,0.0,0.0,0.0,32.24531555175781,32.24531555175781,34.806785583496094,34.806785583496094
speed_reduction,73,1.6099671125411987,230,0.0,False,hop_3plus,0.0,0.0,0.0,0.0,15.325641632080078,15.325641632080078,15.929676055908203,15.929676055908203
speed_reduction,73,1.6099671125411987,229,0.0,False,hop_3plus,0.0,0.0,0.0,0.0,16.889942169189453,16.889942169189453,17.145416259765625,17.145416259765625
speed_reduction,73,1.6099671125411987,227,0.0,False,hop_3plus,0.0,0.0,0.0,0.0,24.074594497680664,24.074594497680664,21.55567169189453,21.55567169189453
speed_reduction,73,1.6099671125411987,225,0.0,False,hop_3plus,0.0,0.0,0.0,0.0,38.1501350402832,38.1501350402832,25.255571365356445,25.255571365356445
speed_reduction,73,1.6099671125411987,209,0.0,False,hop_3plus,0.0,0.0,0.0,0.0,15.963536262512207,15.963536262512207,16.129911422729492,16.129911422729492
speed_reduction,73,1.6099671125411987,224,5.0772576332092285,False,hop_3plus,0.0,0.0,0.0,0.0,52.06427001953125,52.06427001953125,55.949859619140625,55.949859619140625
speed_reduction,73,1.6099671125411987,223,0.0,False,hop_3plus,0.0,0.0,0.0,0.0,67.05455780029297,67.05455780029297,66.983154296875,66.983154296875
speed_reduction,73,1.6099671125411987,222,1.300313949584961,False,hop_3plus,0.0,0.0,0.0,0.0,58.98897933959961,58.98897933959961,56.444942474365234,56.444942474365234
speed_reduction,73,1.6099671125411987,221,0.0,False,hop_3plus,0.0,0.0,0.0,0.0,54.68580627441406,54.68580627441406,56.57749938964844,56.57749938964844
speed_reduction,73,1.6099671125411987,220,0.0,False,hop_3plus,0.0,0.0,0.0,0.0,57.46303176879883,57.46303176879883,54.62471389770508,54.62471389770508
speed_reduction,73,1.6099671125411987,219,0.0,False,hop_3plus,0.0,0.0,0.0,0.0,54.9138298034668,54.9138298034668,57.04459762573242,57.04459762573242
speed_reduction,73,1.6099671125411987,217,3.174887180328369,False,hop_3plus,0.0,0.0,0.0,0.0,28.724870681762695,28.724870681762695,29.105730056762695,29.105730056762695
speed_reduction,73,1.6099671125411987,216,3.1839590072631836,False,hop_3plus,0.0,0.0,0.0,0.0,25.864887237548828,25.864887237548828,25.792991638183594,25.792991638183594
speed_reduction,73,1.6099671125411987,215,0.0,False,hop_3plus,0.0,0.0,0.0,0.0,26.584877014160156,26.584877014160156,27.143190383911133,27.143190383911133
speed_reduction,73,1.6099671125411987,214,0.0,False,hop_3plus,0.0,0.0,0.0,0.0,26.481592178344727,26.481592178344727,26.146446228027344,26.146446228027344
speed_reduction,73,1.6099671125411987,212,0.0,False,hop_3plus,0.0,0.0,0.0,0.0,66.76781463623047,66.76781463623047,66.53250122070312,66.53250122070312
speed_reduction,73,1.6099671125411987,242,3.7463197708129883,False,hop_3plus,0.0,0.0,0.0,0.0,39.3468017578125,39.3468017578125,38.874412536621094,38.874412536621094
speed_reduction,73,1.6099671125411987,243,0.7670132517814636,False,hop_3plus,0.0,0.0,0.0,0.0,16.129562377929688,16.129562377929688,16.63889503479004,16.63889503479004
speed_reduction,73,1.6099671125411987,244,0.0,False,hop_3plus,0.0,0.0,0.0,0.0,16.715789794921875,16.715789794921875,17.415847778320312,17.415847778320312
speed_reduction,73,1.6099671125411987,246,0.0,False,hop_3plus,0.0,0.0,0.0,0.0,18.987146377563477,18.987146377563477,16.97104263305664,16.97104263305664
speed_reduction,73,1.6099671125411987,277,0.0,False,hop_3plus,0.0,0.0,0.0,0.0,28.333282470703125,28.333282470703125,28.3487606048584,28.3487606048584
speed_reduction,73,1.6099671125411987,274,0.0,False,hop_3plus,0.0,0.0,0.0,0.0,24.93393325805664,24.93393325805664,23.91379737854004,23.91379737854004
speed_reduction,73,1.6099671125411987,273,0.0,False,hop_3plus,0.0,0.0,0.0,0.0,18.584510803222656,18.584510803222656,18.228546142578125,18.228546142578125
speed_reduction,73,1.6099671125411987,272,0.0,False,hop_3plus,0.0,0.0,0.0,0.0,41.92451477050781,41.92451477050781,42.9724006652832,42.9724006652832
speed_reduction,73,1.6099671125411987,271,3.2792606353759766,False,hop_3plus,0.0,0.0,0.0,0.0,16.383296966552734,16.383296966552734,16.13068389892578,16.13068389892578
speed_reduction,73,1.6099671125411987,269,5.643576622009277,False,hop_3plus,0.0,0.0,0.0,0.0,17.274816513061523,17.274816513061523,16.267047882080078,16.267047882080078
speed_reduction,73,1.6099671125411987,268,5.632726192474365,False,hop_3plus,0.0,0.0,0.0,0.0,25.528289794921875,25.528289794921875,24.10181427001953,24.10181427001953
speed_reduction,73,1.6099671125411987,267,1.3996055126190186,False,hop_3plus,0.0,0.0,0.0,0.0,25.412633895874023,25.412633895874023,23.13202476501465,23.13202476501465
speed_reduction,73,1.6099671125411987,266,0.0,False,hop_3plus,0.0,0.0,0.0,0.0,33.872215270996094,33.872215270996094,33.31021499633789,33.31021499633789
speed_reduction,73,1.6099671125411987,263,2.9955172538757324,False,hop_3plus,0.0,0.0,0.0,0.0,23.61871910095215,23.61871910095215,22.086904525756836,22.086904525756836
speed_reduction,73,1.6099671125411987,262,0.0,False,hop_3plus,0.0,0.0,0.0,0.0,15.39864730834961,15.39864730834961,16.203800201416016,16.203800201416016
speed_reduction,73,1.6099671125411987,261,0.0,False,hop_3plus,0.0,0.0,0.0,0.0,55.18171310424805,55.18171310424805,56.39955520629883,56.39955520629883
speed_reduction,73,1.6099671125411987,260,4.251396656036377,False,hop_3plus,0.0,0.0,0.0,0.0,41.92005920410156,41.92005920410156,42.666893005371094,42.666893005371094
speed_reduction,73,1.6099671125411987,259,0.0,False,hop_3plus,0.0,0.0,0.0,0.0,56.90732192993164,56.90732192993164,58.01080322265625,58.01080322265625
speed_reduction,73,1.6099671125411987,258,0.0,False,hop_3plus,0.0,0.0,0.0,0.0,20.21630096435547,20.21630096435547,18.77824592590332,18.77824592590332
speed_reduction,73,1.6099671125411987,257,3.780627965927124,False,hop_3plus,0.0,0.0,0.0,0.0,23.86629295349121,23.86629295349121,21.56545066833496,21.56545066833496
speed_reduction,73,1.6099671125411987,256,2.693554639816284,False,hop_3plus,0.0,0.0,0.0,0.0,28.34938621520996,28.34938621520996,28.41500473022461,28.41500473022461
speed_reduction,73,1.6099671125411987,255,6.806118965148926,False,hop_3plus,0.0,0.0,0.0,0.0,16.82509994506836,16.82509994506836,17.15699005126953,17.15699005126953
speed_reduction,73,1.6099671125411987,254,8.764093399047852,False,hop_3plus,0.0,0.0,0.0,0.0,25.296415328979492,25.296415328979492,21.168195724487305,21.168195724487305
speed_reduction,73,1.6099671125411987,252,0.0,False,hop_3plus,0.0,0.0,0.0,0.0,16.01679229736328,16.01679229736328,16.18804931640625,16.18804931640625
speed_reduction,73,1.6099671125411987,251,0.0,False,hop_3plus,0.0,0.0,0.0,0.0,16.69399070739746,16.69399070739746,16.884363174438477,16.884363174438477
speed_reduction,73,1.6099671125411987,249,3.179784059524536,False,hop_3plus,0.0,0.0,0.0,0.0,22.664995193481445,22.664995193481445,22.02770233154297,22.02770233154297
speed_reduction,73,1.6099671125411987,247,4.909865379333496,False,hop_3plus,0.0,0.0,0.0,0.0,23.0495548248291,23.0495548248291,22.354576110839844,22.354576110839844
speed_reduction,73,1.6099671125411987,210,0.0,False,hop_3plus,0.0,0.0,0.0,0.0,55.55588150024414,55.55588150024414,57.03047180175781,57.03047180175781
speed_reduction,73,1.6099671125411987,207,3.034104108810425,False,hop_3plus,0.0,0.0,0.0,0.0,15.832792282104492,15.832792282104492,16.55716896057129,16.55716896057129
speed_reduction,73,1.6099671125411987,137,0.0,False,hop_3plus,0.0,0.0,0.0,0.0,16.306760787963867,16.306760787963867,16.981834411621094,16.981834411621094
speed_reduction,73,1.6099671125411987,151,0.0,False,hop_3plus,0.0,0.0,0.0,0.0,22.128610610961914,22.128610610961914,22.270448684692383,22.270448684692383
speed_reduction,73,1.6099671125411987,167,4.54993200302124,False,hop_3plus,0.0,0.0,0.0,0.0,25.855133056640625,25.855133056640625,24.819480895996094,24.819480895996094
speed_reduction,73,1.6099671125411987,165,0.0,False,hop_3plus,0.0,0.0,0.0,0.0,16.34404945373535,16.34404945373535,16.36359405517578,16.36359405517578
speed_reduction,73,1.6099671125411987,164,0.0,False,hop_3plus,0.0,0.0,0.0,0.0,66.24889373779297,66.24889373779297,66.35523223876953,66.35523223876953
speed_reduction,73,1.6099671125411987,163,0.0,False,hop_3plus,0.0,0.0,0.0,0.0,15.278488159179688,15.278488159179688,16.00628089904785,16.00628089904785
speed_reduction,73,1.6099671125411987,161,2.0903100967407227,False,hop_3plus,0.0,0.0,0.0,0.0,19.07947540283203,19.07947540283203,19.288434982299805,19.288434982299805
speed_reduction,73,1.6099671125411987,160,0.0,False,hop_3plus,0.0,0.0,0.0,0.0,30.01247787475586,30.01247787475586,29.819936752319336,29.819936752319336
speed_reduction,73,1.6099671125411987,157,0.0,False,hop_3plus,0.0,0.0,0.0,0.0,17.16785430908203,17.16785430908203,17.548845291137695,17.548845291137695
speed_reduction,73,1.6099671125411987,156,0.0,False,hop_3plus,0.0,0.0,0.0,0.0,16.279380798339844,16.279380798339844,16.375192642211914,16.375192642211914
speed_reduction,73,1.6099671125411987,155,2.988827705383301,False,hop_3plus,0.0,0.0,0.0,0.0,24.370271682739258,24.370271682739258,25.50307846069336,25.50307846069336
speed_reduction,73,1.6099671125411987,154,0.0,False,hop_3plus,0.0,0.0,0.0,0.0,64.65327453613281,64.65327453613281,64.7053451538086,64.7053451538086
speed_reduction,73,1.6099671125411987,153,0.0,False,hop_3plus,0.0,0.0,0.0,0.0,15.575637817382812,15.575637817382812,16.695703506469727,16.695703506469727
speed_reduction,73,1.6099671125411987,150,0.0,False,hop_3plus,0.0,0.0,0.0,0.0,30.43966293334961,30.43966293334961,29.774885177612305,29.774885177612305
speed_reduction,73,1.6099671125411987,206,0.0,False,hop_3plus,0.0,0.0,0.0,0.0,16.662696838378906,16.662696838378906,17.165334701538086,17.165334701538086
speed_reduction,73,1.6099671125411987,149,1.1840496063232422,False,hop_3plus,0.0,0.0,0.0,0.0,18.106239318847656,18.106239318847656,17.98443031311035,17.98443031311035
speed_reduction,73,1.6099671125411987,147,7.927062034606934,False,hop_3plus,0.0,0.0,0.0,0.0,16.619712829589844,16.619712829589844,16.96256446838379,16.96256446838379
speed_reduction,73,1.6099671125411987,146,0.0,False,hop_3plus,0.0,0.0,0.0,0.0,16.499631881713867,16.499631881713867,16.884614944458008,16.884614944458008
speed_reduction,73,1.6099671125411987,145,0.0,False,hop_3plus,0.0,0.0,0.0,0.0,18.071853637695312,18.071853637695312,17.485380172729492,17.485380172729492
speed_reduction,73,1.6099671125411987,144,5.14599609375,False,hop_3plus,0.0,0.0,0.0,0.0,20.490333557128906,20.490333557128906,20.934600830078125,20.934600830078125
speed_reduction,73,1.6099671125411987,143,0.0,False,hop_3plus,0.0,0.0,0.0,0.0,43.08976745605469,43.08976745605469,45.174781799316406,45.174781799316406
speed_reduction,73,1.6099671125411987,142,0.0,False,hop_3plus,0.0,0.0,0.0,0.0,24.175687789916992,24.175687789916992,23.74981117248535,23.74981117248535
speed_reduction,73,1.6099671125411987,141,6.333951950073242,False,hop_3plus,0.0,0.0,0.0,0.0,29.21476936340332,29.21476936340332,28.84980010986328,28.84980010986328
speed_reduction,73,1.6099671125411987,140,0.0,False,hop_3plus,0.0,0.0,0.0,0.0,23.525737762451172,23.525737762451172,23.650352478027344,23.650352478027344
speed_reduction,73,1.6099671125411987,139,0.0,False,hop_3plus,0.0,0.0,0.0,0.0,33.491695404052734,33.491695404052734,33.281646728515625,33.281646728515625
speed_reduction,73,1.6099671125411987,138,0.37601935863494873,False,hop_3plus,0.0,0.0,0.0,0.0,17.310344696044922,17.310344696044922,17.9467830657959,17.9467830657959
speed_reduction,73,1.6099671125411987,168,5.275843143463135,False,hop_3plus,0.0,0.0,0.0,0.0,26.0288143157959,26.0288143157959,27.349069595336914,27.349069595336914
speed_reduction,73,1.6099671125411987,170,9.835796356201172,False,hop_3plus,0.0,0.0,0.0,0.0,17.840309143066406,17.840309143066406,17.67945098876953,17.67945098876953
speed_reduction,73,1.6099671125411987,171,7.720416069030762,False,hop_3plus,0.0,0.0,0.0,0.0,15.688383102416992,15.688383102416992,16.037328720092773,16.037328720092773
speed_reduction,73,1.6099671125411987,172,1.1128590106964111,False,hop_3plus,0.0,0.0,0.0,0.0,23.91930389404297,23.91930389404297,22.744298934936523,22.744298934936523
speed_reduction,73,1.6099671125411987,205,0.8192861676216125,False,hop_3plus,0.0,0.0,0.0,0.0,22.031076431274414,22.031076431274414,21.456552505493164,21.456552505493164
speed_reduction,73,1.6099671125411987,204,0.0,False,hop_3plus,0.0,0.0,0.0,0.0,16.855358123779297,16.855358123779297,17.413850784301758,17.413850784301758
speed_reduction,73,1.6099671125411987,203,0.0,False,hop_3plus,0.0,0.0,0.0,0.0,41.47728729248047,41.47728729248047,36.372352600097656,36.372352600097656
speed_reduction,73,1.6099671125411987,202,1.3870257139205933,False,hop_3plus,0.0,0.0,0.0,0.0,24.486862182617188,24.486862182617188,24.630943298339844,24.630943298339844
speed_reduction,73,1.6099671125411987,200,0.0,False,hop_3plus,0.0,0.0,0.0,0.0,16.068645477294922,16.068645477294922,16.752906799316406,16.752906799316406
speed_reduction,73,1.6099671125411987,199,0.0,False,hop_3plus,0.0,0.0,0.0,0.0,18.194549560546875,18.194549560546875,19.015689849853516,19.015689849853516
speed_reduction,73,1.6099671125411987,198,0.0,False,hop_3plus,0.0,0.0,0.0,0.0,17.688634872436523,17.688634872436523,18.154081344604492,18.154081344604492
speed_reduction,73,1.6099671125411987,196,0.0,False,hop_3plus,0.0,0.0,0.0,0.0,38.89582824707031,38.89582824707031,38.58960723876953,38.58960723876953
speed_reduction,73,1.6099671125411987,195,1.812924861907959,False,hop_3plus,0.0,0.0,0.0,0.0,31.89091682434082,31.89091682434082,33.54395294189453,33.54395294189453
speed_reduction,73,1.6099671125411987,192,0.0,False,hop_3plus,0.0,0.0,0.0,0.0,21.259218215942383,21.259218215942383,19.015850067138672,19.015850067138672
speed_reduction,73,1.6099671125411987,188,0.0,False,hop_3plus,0.0,0.0,0.0,0.0,24.527442932128906,24.527442932128906,22.270950317382812,22.270950317382812
speed_reduction,73,1.6099671125411987,186,3.964426040649414,False,hop_3plus,0.0,0.0,0.0,0.0,23.28441619873047,23.28441619873047,21.4356632232666,21.4356632232666
speed_reduction,73,1.6099671125411987,185,6.33311653137207,False,hop_3plus,0.0,0.0,0.0,0.0,25.302282333374023,25.302282333374023,23.46939468383789,23.46939468383789
speed_reduction,73,1.6099671125411987,184,0.9431902170181274,False,hop_3plus,0.0,0.0,0.0,0.0,15.743335723876953,15.743335723876953,16.19580078125,16.19580078125
speed_reduction,73,1.6099671125411987,183,3.6301701068878174,False,hop_3plus,0.0,0.0,0.0,0.0,18.665966033935547,18.665966033935547,18.857118606567383,18.857118606567383
speed_reduction,73,1.6099671125411987,182,0.0,False,hop_3plus,0.0,0.0,0.0,0.0,39.17072296142578,39.17072296142578,38.14723205566406,38.14723205566406
speed_reduction,73,1.6099671125411987,181,0.0,False,hop_3plus,0.0,0.0,0.0,0.0,22.607826232910156,22.607826232910156,23.07463836669922,23.07463836669922
speed_reduction,73,1.6099671125411987,179,0.0,False,hop_3plus,0.0,0.0,0.0,0.0,18.818300247192383,18.818300247192383,18.499746322631836,18.499746322631836
speed_reduction,73,1.6099671125411987,178,0.0,False,hop_3plus,0.0,0.0,0.0,0.0,41.52517318725586,41.52517318725586,42.25535202026367,42.25535202026367
speed_reduction,73,1.6099671125411987,176,4.497283935546875,False,hop_3plus,0.0,0.0,0.0,0.0,36.7747802734375,36.7747802734375,33.21689224243164,33.21689224243164
speed_reduction,73,1.6099671125411987,175,0.0,False,hop_3plus,0.0,0.0,0.0,0.0,31.92300033569336,31.92300033569336,31.73514175415039,31.73514175415039
speed_reduction,73,1.6099671125411987,174,0.5756462812423706,False,hop_3plus,0.0,0.0,0.0,0.0,16.89622688293457,16.89622688293457,17.50611114501953,17.50611114501953
speed_reduction,73,1.6099671125411987,173,0.0,False,hop_3plus,0.0,0.0,0.0,0.0,21.24242401123047,21.24242401123047,20.085750579833984,20.085750579833984
speed_reduction,73,1.6099671125411987,499,4.554890155792236,False,hop_3plus,0.0,0.0,0.0,0.0,46.045955657958984,46.045955657958984,46.174041748046875,46.174041748046875
